Ngay,Nam,Gia_Mua,Gia_Ban,Gia_TrungBinh,Nguon
2021-05-18,2021,52143589.576685496,51624747.8893553,51884168.7330204,Yahoo Finance – GC=F × USDVND (VNĐ/lượng)
2021-05-19,2021,52531868.306666076,52009163.14938582,52270515.72802595,Yahoo Finance – GC=F × USDVND (VNĐ/lượng)
2021-05-20,2021,52545829.893585555,52022985.81504242,52284407.85431399,Yahoo Finance – GC=F × USDVND (VNĐ/lượng)
2021-05-24,2021,52649131.595674425,52125259.63949857,52387195.6175865,Yahoo Finance – GC=F × USDVND (VNĐ/lượng)
2021-05-25,2021,53035473.93886151,52507757.78026588,52771615.8595637,Yahoo Finance – GC=F × USDVND (VNĐ/lượng)
2021-05-26,2021,53113369.46267431,52584878.22423975,52849123.843457036,Yahoo Finance – GC=F × USDVND (VNĐ/lượng)
2021-05-27,2021,52933959.283074625,52407253.220556475,52670606.25181555,Yahoo Finance – GC=F × USDVND (VNĐ/lượng)
2021-06-01,2021,53132702.473287545,52604018.866588175,52868360.669937864,Yahoo Finance – GC=F × USDVND (VNĐ/lượng)
2021-06-02,2021,53251897.696400724,52722028.06758082,52986962.881990775,Yahoo Finance – GC=F × USDVND (VNĐ/lượng)
2021-06-03,2021,52240772.339116886,51720963.65912568,51980867.999121286,Yahoo Finance – GC=F × USDVND (VNĐ/lượng)
2021-06-07,2021,52861253.3099114,52335270.68991228,52598261.999911845,Yahoo Finance – GC=F × USDVND (VNĐ/lượng)
2021-06-08,2021,52623003.213898785,52099391.241621196,52361197.227759995,Yahoo Finance – GC=F × USDVND (VNĐ/lượng)
2021-06-09,2021,52657695.56104556,52133738.391283914,52395716.976164736,Yahoo Finance – GC=F × USDVND (VNĐ/lượng)
2021-06-10,2021,52667148.36465999,52143097.13715094,52405122.75090547,Yahoo Finance – GC=F × USDVND (VNĐ/lượng)
2021-06-14,2021,51820680.2449885,51305051.58583439,51562865.91541145,Yahoo Finance – GC=F × USDVND (VNĐ/lượng)
2021-06-15,2021,51563313.88449049,51050246.08464482,51306779.98456766,Yahoo Finance – GC=F × USDVND (VNĐ/lượng)
2021-06-16,2021,51700082.91068529,51185654.22500683,51442868.56784607,Yahoo Finance – GC=F × USDVND (VNĐ/lượng)
2021-06-17,2021,49347438.43140549,48856419.143530816,49101928.78746816,Yahoo Finance – GC=F × USDVND (VNĐ/lượng)
2021-06-21,2021,49686584.373964086,49192190.49959629,49439387.43678019,Yahoo Finance – GC=F × USDVND (VNĐ/lượng)
2021-06-22,2021,49556888.896011196,49063785.52391159,49310337.20996139,Yahoo Finance – GC=F × USDVND (VNĐ/lượng)
2021-06-23,2021,49713484.64760021,49218823.10881813,49466153.87820917,Yahoo Finance – GC=F × USDVND (VNĐ/lượng)
2021-06-24,2021,49490025.48297861,48997587.418471366,49243806.45072499,Yahoo Finance – GC=F × USDVND (VNĐ/lượng)
2021-06-28,2021,49638171.82372348,49144259.6662735,49391215.74499849,Yahoo Finance – GC=F × USDVND (VNĐ/lượng)
2021-06-29,2021,49169573.45191484,48680323.964831114,48924948.70837298,Yahoo Finance – GC=F × USDVND (VNĐ/lượng)
2021-06-30,2021,49379842.644737475,48888500.92687939,49134171.78580844,Yahoo Finance – GC=F × USDVND (VNĐ/lượng)
2021-07-01,2021,49513451.29114458,49020780.13401877,49267115.71258168,Yahoo Finance – GC=F × USDVND (VNĐ/lượng)
2021-07-06,2021,49997632.62876364,49500143.7468854,49748888.18782452,Yahoo Finance – GC=F × USDVND (VNĐ/lượng)
2021-07-07,2021,50238112.40595914,49738230.69047696,49988171.54821805,Yahoo Finance – GC=F × USDVND (VNĐ/lượng)
2021-07-08,2021,50167682.44108042,49668501.52126868,49918091.98117455,Yahoo Finance – GC=F × USDVND (VNĐ/lượng)
2021-07-12,2021,50360598.14409953,49859497.66505378,50110047.90457666,Yahoo Finance – GC=F × USDVND (VNĐ/lượng)
2021-07-13,2021,50447456.91953046,49945492.1740625,50196474.54679648,Yahoo Finance – GC=F × USDVND (VNĐ/lượng)
2021-07-14,2021,50865091.46764259,50358971.154531725,50612031.31108716,Yahoo Finance – GC=F × USDVND (VNĐ/lượng)
2021-07-15,2021,50974976.01863763,50467762.32690989,50721369.17277376,Yahoo Finance – GC=F × USDVND (VNĐ/lượng)
2021-07-19,2021,50449854.00399848,49947865.406943776,50198859.70547113,Yahoo Finance – GC=F × USDVND (VNĐ/lượng)
2021-07-20,2021,50524385.77889425,50021655.57213909,50273020.67551667,Yahoo Finance – GC=F × USDVND (VNĐ/lượng)
2021-07-21,2021,50292446.40941233,49792024.05707988,50042235.23324611,Yahoo Finance – GC=F × USDVND (VNĐ/lượng)
2021-07-22,2021,50324780.872731365,49824036.78444549,50074408.828588426,Yahoo Finance – GC=F × USDVND (VNĐ/lượng)
2021-07-26,2021,50144771.79289948,49645818.83973631,49895295.3163179,Yahoo Finance – GC=F × USDVND (VNĐ/lượng)
2021-07-27,2021,50160534.571069166,49661424.77434211,49910979.67270564,Yahoo Finance – GC=F × USDVND (VNĐ/lượng)
2021-07-28,2021,50147452.058249064,49648472.43577893,49897962.247014,Yahoo Finance – GC=F × USDVND (VNĐ/lượng)
2021-07-29,2021,50955408.249540344,50448389.26198273,50701898.75576154,Yahoo Finance – GC=F × USDVND (VNĐ/lượng)
2021-08-02,2021,50557840.85218997,50054777.75913336,50306309.30566167,Yahoo Finance – GC=F × USDVND (VNĐ/lượng)
2021-08-03,2021,50335376.33855002,49834526.82274356,50084951.58064679,Yahoo Finance – GC=F × USDVND (VNĐ/lượng)
2021-08-04,2021,50335531.50670342,49834680.44693523,50085105.97681933,Yahoo Finance – GC=F × USDVND (VNĐ/lượng)
2021-08-05,2021,50165715.15895227,49666553.81408708,49916134.48651968,Yahoo Finance – GC=F × USDVND (VNĐ/lượng)
2021-08-09,2021,47872213.280849636,47395872.85019442,47634043.06552203,Yahoo Finance – GC=F × USDVND (VNĐ/lượng)
2021-08-10,2021,47942613.31254956,47465572.384066485,47704092.84830803,Yahoo Finance – GC=F × USDVND (VNĐ/lượng)
2021-08-11,2021,48376185.792167254,47894830.70965813,48135508.250912696,Yahoo Finance – GC=F × USDVND (VNĐ/lượng)
2021-08-12,2021,48329016.09746491,47848130.36515184,48088573.23130838,Yahoo Finance – GC=F × USDVND (VNĐ/lượng)
2021-08-16,2021,49430412.40755852,48938567.50798083,49184489.95776968,Yahoo Finance – GC=F × USDVND (VNĐ/lượng)
2021-08-17,2021,49377852.67333258,48886530.756184995,49132191.71475879,Yahoo Finance – GC=F × USDVND (VNĐ/lượng)
2021-08-18,2021,49234148.162270024,48744256.1407549,48989202.15151247,Yahoo Finance – GC=F × USDVND (VNĐ/lượng)
2021-08-19,2021,49206243.94267944,48716629.5750906,48961436.758885026,Yahoo Finance – GC=F × USDVND (VNĐ/lượng)
2021-08-23,2021,49870387.27143915,49374164.51251937,49622275.89197926,Yahoo Finance – GC=F × USDVND (VNĐ/lượng)
2021-08-24,2021,49925824.74651419,49429050.37092699,49677437.558720596,Yahoo Finance – GC=F × USDVND (VNĐ/lượng)
2021-08-25,2021,49379702.772569485,48888362.44647427,49134032.60952188,Yahoo Finance – GC=F × USDVND (VNĐ/lượng)
2021-08-26,2021,49479301.68657277,48986970.326507375,49233136.006540075,Yahoo Finance – GC=F × USDVND (VNĐ/lượng)
2021-08-30,2021,49921200.43765171,49424472.07508802,49672836.25636987,Yahoo Finance – GC=F × USDVND (VNĐ/lượng)
2021-08-31,2021,50086776.55850627,49588400.672351986,49837588.61542913,Yahoo Finance – GC=F × USDVND (VNĐ/lượng)
2021-09-01,2021,50001389.98210525,49503863.71362659,49752626.847865924,Yahoo Finance – GC=F × USDVND (VNĐ/lượng)
2021-09-02,2021,49880046.79109494,49383727.91755171,49631887.35432333,Yahoo Finance – GC=F × USDVND (VNĐ/lượng)
2021-09-07,2021,49522700.282194905,49029937.095307395,49276318.68875115,Yahoo Finance – GC=F × USDVND (VNĐ/lượng)
2021-09-08,2021,49377136.31435665,48885821.525159076,49131478.919757865,Yahoo Finance – GC=F × USDVND (VNĐ/lượng)
2021-09-09,2021,49579308.534688696,49085982.08160722,49332645.30814796,Yahoo Finance – GC=F × USDVND (VNĐ/lượng)
2021-09-13,2021,49417326.79601973,48925612.101531975,49171469.44877586,Yahoo Finance – GC=F × USDVND (VNĐ/lượng)
2021-09-14,2021,49767548.69186463,49272349.202393346,49519948.94712899,Yahoo Finance – GC=F × USDVND (VNĐ/lượng)
2021-09-15,2021,49426186.30667768,48934383.457855016,49180284.88226635,Yahoo Finance – GC=F × USDVND (VNĐ/lượng)
2021-09-16,2021,48373203.95300694,47891878.54053921,48132541.24677308,Yahoo Finance – GC=F × USDVND (VNĐ/lượng)
2021-09-20,2021,48605861.20331283,48122220.79332962,48364040.99832123,Yahoo Finance – GC=F × USDVND (VNĐ/lượng)
2021-09-21,2021,48967492.886652626,48480254.151462056,48723873.51905734,Yahoo Finance – GC=F × USDVND (VNĐ/lượng)
2021-09-22,2021,48997555.753108844,48510017.88491871,48753786.81901378,Yahoo Finance – GC=F × USDVND (VNĐ/lượng)
2021-09-23,2021,48202033.55733731,47722411.33288619,47962222.44511175,Yahoo Finance – GC=F × USDVND (VNĐ/lượng)
2021-09-27,2021,48273951.2836176,47793613.459900014,48033782.37175881,Yahoo Finance – GC=F × USDVND (VNĐ/lượng)
2021-09-28,2021,47871727.82315556,47395392.22292516,47633560.02304036,Yahoo Finance – GC=F × USDVND (VNĐ/lượng)
2021-09-29,2021,47460658.70500907,46988413.34476023,47224536.024884656,Yahoo Finance – GC=F × USDVND (VNĐ/lượng)
2021-09-30,2021,48386123.938697465,47904669.96915819,48145396.95392783,Yahoo Finance – GC=F × USDVND (VNĐ/lượng)
2021-10-04,2021,48701568.17190483,48216975.45377643,48459271.81284063,Yahoo Finance – GC=F × USDVND (VNĐ/lượng)
2021-10-05,2021,48513182.84160726,48030464.60437734,48271823.7229923,Yahoo Finance – GC=F × USDVND (VNĐ/lượng)
2021-10-06,2021,48529464.37900879,48046584.1364316,48288024.257720195,Yahoo Finance – GC=F × USDVND (VNĐ/lượng)
2021-10-07,2021,48457794.15885313,47975627.052794896,48216710.605824016,Yahoo Finance – GC=F × USDVND (VNĐ/lượng)
2021-10-11,2021,48366825.91002979,47885563.96067627,48126194.93535303,Yahoo Finance – GC=F × USDVND (VNĐ/lượng)
2021-10-12,2021,48483734.60652042,48001309.386555046,48242521.99653774,Yahoo Finance – GC=F × USDVND (VNĐ/lượng)
2021-10-13,2021,49459858.94404461,48967721.044103876,49213789.99407425,Yahoo Finance – GC=F × USDVND (VNĐ/lượng)
2021-10-14,2021,49542581.57373259,49049620.56304869,49296101.068390645,Yahoo Finance – GC=F × USDVND (VNĐ/lượng)
2021-10-18,2021,48665105.344398476,48180875.44047412,48422990.3924363,Yahoo Finance – GC=F × USDVND (VNĐ/lượng)
2021-10-19,2021,48793789.28520174,48308278.94405546,48551034.114628606,Yahoo Finance – GC=F × USDVND (VNĐ/lượng)
2021-10-20,2021,49190823.68444905,48701362.752265476,48946093.218357265,Yahoo Finance – GC=F × USDVND (VNĐ/lượng)
2021-10-21,2021,49100073.605389215,48611515.65906694,48855794.63222808,Yahoo Finance – GC=F × USDVND (VNĐ/lượng)
2021-10-25,2021,49772763.53545421,49277512.15699199,49525137.8462231,Yahoo Finance – GC=F × USDVND (VNĐ/lượng)
2021-10-26,2021,49432284.73414862,48940421.20445561,49186352.96930212,Yahoo Finance – GC=F × USDVND (VNĐ/lượng)
2021-10-27,2021,49571315.68491452,49078068.76267657,49324692.22379555,Yahoo Finance – GC=F × USDVND (VNĐ/lượng)
2021-10-28,2021,49662415.132303804,49168261.74790277,49415338.44010329,Yahoo Finance – GC=F × USDVND (VNĐ/lượng)
2021-11-01,2021,49483237.89943613,48990867.373073585,49237052.63625486,Yahoo Finance – GC=F × USDVND (VNĐ/lượng)
2021-11-02,2021,49306816.56639038,48816201.47617755,49061509.02128397,Yahoo Finance – GC=F × USDVND (VNĐ/lượng)
2021-11-03,2021,48610643.62433334,48126955.628071316,48368799.62620233,Yahoo Finance – GC=F × USDVND (VNĐ/lượng)
2021-11-04,2021,49418832.91470412,48927103.23396081,49172968.07433247,Yahoo Finance – GC=F × USDVND (VNĐ/lượng)
2021-11-05,2021,49916326.51849409,49419646.652638435,49667986.58556627,Yahoo Finance – GC=F × USDVND (VNĐ/lượng)
2021-11-08,2021,50218616.53408719,49718928.80737986,49968772.67073353,Yahoo Finance – GC=F × USDVND (VNĐ/lượng)
2021-11-09,2021,50251208.724125646,49751196.69701992,50001202.71057279,Yahoo Finance – GC=F × USDVND (VNĐ/lượng)
2021-11-10,2021,50733432.97373546,50228622.69538984,50481027.83456265,Yahoo Finance – GC=F × USDVND (VNĐ/lượng)
2021-11-11,2021,51157279.06186899,50648251.40951209,50902765.23569054,Yahoo Finance – GC=F × USDVND (VNĐ/lượng)
2021-11-12,2021,51252377.98775145,50742404.07742557,50997391.03258851,Yahoo Finance – GC=F × USDVND (VNĐ/lượng)
2021-11-15,2021,51191681.761500254,50682311.79372414,50936996.7776122,Yahoo Finance – GC=F × USDVND (VNĐ/lượng)
2021-11-16,2021,50860006.07372877,50353936.361552365,50606971.21764057,Yahoo Finance – GC=F × USDVND (VNĐ/lượng)
2021-11-17,2021,51313092.67467469,50802514.638110764,51057803.65639273,Yahoo Finance – GC=F × USDVND (VNĐ/lượng)
2021-11-18,2021,51069816.46760011,50561659.089813046,50815737.77870658,Yahoo Finance – GC=F × USDVND (VNĐ/lượng)
2021-11-19,2021,50805368.31286653,50299842.260002196,50552605.28643437,Yahoo Finance – GC=F × USDVND (VNĐ/lượng)
2021-11-22,2021,49580193.5995949,49086858.33989744,49333525.96974617,Yahoo Finance – GC=F × USDVND (VNĐ/lượng)
2021-11-23,2021,48990593.572668664,48503124.9799058,48746859.276287235,Yahoo Finance – GC=F × USDVND (VNĐ/lượng)
2021-11-24,2021,49017882.972748056,48530142.843665995,48774012.90820703,Yahoo Finance – GC=F × USDVND (VNĐ/lượng)
2021-11-26,2021,49040038.74258716,48552078.15808381,48796058.45033549,Yahoo Finance – GC=F × USDVND (VNĐ/lượng)
2021-11-29,2021,48974908.98515541,48487596.45793994,48731252.72154768,Yahoo Finance – GC=F × USDVND (VNĐ/lượng)
2021-11-30,2021,48761632.56941559,48276442.19559057,48519037.382503085,Yahoo Finance – GC=F × USDVND (VNĐ/lượng)
2021-12-01,2021,48977259.32852117,48489923.41480455,48733591.37166286,Yahoo Finance – GC=F × USDVND (VNĐ/lượng)
2021-12-02,2021,48449639.95680009,47967553.987080686,48208596.97194039,Yahoo Finance – GC=F × USDVND (VNĐ/lượng)
2021-12-03,2021,49078943.245936945,48590595.55194753,48834769.39894224,Yahoo Finance – GC=F × USDVND (VNĐ/lượng)
2021-12-06,2021,49170382.70411689,48681125.16477245,48925753.93444467,Yahoo Finance – GC=F × USDVND (VNĐ/lượng)
2021-12-07,2021,49721850.469213545,49227105.688425355,49474478.07881945,Yahoo Finance – GC=F × USDVND (VNĐ/lượng)
2021-12-08,2021,49852211.67559347,49356169.76837364,49604190.72198356,Yahoo Finance – GC=F × USDVND (VNĐ/lượng)
2021-12-09,2021,49283682.621286795,48793297.71958245,49038490.170434624,Yahoo Finance – GC=F × USDVND (VNĐ/lượng)
2021-12-10,2021,49643807.49815977,49149839.26434724,49396823.38125351,Yahoo Finance – GC=F × USDVND (VNĐ/lượng)
2021-12-13,2021,49835878.298329264,49339998.912276246,49587938.60530276,Yahoo Finance – GC=F × USDVND (VNĐ/lượng)
2021-12-14,2021,49285026.520790644,48794628.24695194,49039827.383871295,Yahoo Finance – GC=F × USDVND (VNĐ/lượng)
2021-12-15,2021,49121278.677241646,48632509.73517954,48876894.2062106,Yahoo Finance – GC=F × USDVND (VNĐ/lượng)
2021-12-16,2021,50134119.863841124,49635272.900021814,49884696.38193147,Yahoo Finance – GC=F × USDVND (VNĐ/lượng)
2021-12-17,2021,50247612.73430408,49747636.488191605,49997624.611247845,Yahoo Finance – GC=F × USDVND (VNĐ/lượng)
2021-12-20,2021,49944525.13662369,49447564.687503055,49696044.912063375,Yahoo Finance – GC=F × USDVND (VNĐ/lượng)
2021-12-21,2021,49670378.67751754,49176146.05386065,49423262.3656891,Yahoo Finance – GC=F × USDVND (VNĐ/lượng)
2021-12-22,2021,50061897.41666476,49563769.08416063,49812833.250412695,Yahoo Finance – GC=F × USDVND (VNĐ/lượng)
2021-12-23,2021,50376937.50728954,49875674.44751552,50126305.97740253,Yahoo Finance – GC=F × USDVND (VNĐ/lượng)
2021-12-27,2021,50038767.895407334,49540869.70739334,49789818.80140034,Yahoo Finance – GC=F × USDVND (VNĐ/lượng)
2021-12-28,2021,50031082.7447011,49533261.02584836,49782171.88527473,Yahoo Finance – GC=F × USDVND (VNĐ/lượng)
2021-12-29,2021,49944807.53639149,49447844.27732292,49696325.90685721,Yahoo Finance – GC=F × USDVND (VNĐ/lượng)
2021-12-30,2021,50122142.9463375,49623415.15582669,49872779.0510821,Yahoo Finance – GC=F × USDVND (VNĐ/lượng)
2021-12-31,2021,50409583.35175301,49907995.45770572,50158789.40472937,Yahoo Finance – GC=F × USDVND (VNĐ/lượng)
2022-01-03,2022,49765294.20126019,49270117.144531235,49517705.672895715,Yahoo Finance – GC=F × USDVND (VNĐ/lượng)
2022-01-04,2022,50169079.94679055,49669885.12144936,49919482.534119956,Yahoo Finance – GC=F × USDVND (VNĐ/lượng)
2022-01-05,2022,50300848.54327556,49800342.58762108,50050595.56544832,Yahoo Finance – GC=F × USDVND (VNĐ/lượng)
2022-01-06,2022,49317653.22937201,48826930.311666824,49072291.77051942,Yahoo Finance – GC=F × USDVND (VNĐ/lượng)
2022-01-07,2022,49524726.507868886,49031943.159531884,49278334.83370039,Yahoo Finance – GC=F × USDVND (VNĐ/lượng)
2022-01-10,2022,49432565.559264444,48940699.23529167,49186632.397278056,Yahoo Finance – GC=F × USDVND (VNĐ/lượng)
2022-01-11,2022,50009836.607800335,49512226.29329486,49761031.4505476,Yahoo Finance – GC=F × USDVND (VNĐ/lượng)
2022-01-12,2022,50252970.0204451,49752940.46800287,50002955.24422399,Yahoo Finance – GC=F × USDVND (VNĐ/lượng)
2022-01-13,2022,50087953.69591571,49589566.09695138,49838759.89643355,Yahoo Finance – GC=F × USDVND (VNĐ/lượng)
2022-01-14,2022,49985104.4597071,49487740.23622744,49736422.347967274,Yahoo Finance – GC=F × USDVND (VNĐ/lượng)
2022-01-18,2022,49891492.591173664,49395059.82907244,49643276.210123055,Yahoo Finance – GC=F × USDVND (VNĐ/lượng)
2022-01-19,2022,50806392.849843636,50300856.602581516,50553624.726212576,Yahoo Finance – GC=F × USDVND (VNĐ/lượng)
2022-01-20,2022,50678228.0330188,50173967.057565875,50426097.54529234,Yahoo Finance – GC=F × USDVND (VNĐ/lượng)
2022-01-21,2022,50261848.746412925,49761730.84843867,50011789.7974258,Yahoo Finance – GC=F × USDVND (VNĐ/lượng)
2022-01-24,2022,50488856.200556196,49986479.5219437,50237667.86124995,Yahoo Finance – GC=F × USDVND (VNĐ/lượng)
2022-01-25,2022,50902657.15649329,50396163.05543366,50649410.105963476,Yahoo Finance – GC=F × USDVND (VNĐ/lượng)
2022-01-26,2022,50176456.114568315,49677187.89452286,49926822.00454559,Yahoo Finance – GC=F × USDVND (VNĐ/lượng)
2022-01-27,2022,49172872.834454365,48683590.51769363,48928231.676074,Yahoo Finance – GC=F × USDVND (VNĐ/lượng)
2022-01-28,2022,48942541.422491856,48455550.96057652,48699046.19153419,Yahoo Finance – GC=F × USDVND (VNĐ/lượng)
2022-01-31,2022,49252110.544231355,48762039.792547464,49007075.16838941,Yahoo Finance – GC=F × USDVND (VNĐ/lượng)
2022-02-01,2022,49397535.94299048,48906018.17241347,49151777.057701975,Yahoo Finance – GC=F × USDVND (VNĐ/lượng)
2022-02-02,2022,49641735.92854326,49147788.30736373,49394762.1179535,Yahoo Finance – GC=F × USDVND (VNĐ/lượng)
2022-02-03,2022,49471618.55779897,48979363.646776095,49225491.10228753,Yahoo Finance – GC=F × USDVND (VNĐ/lượng)
2022-02-04,2022,49570396.49401908,49077158.717959195,49323777.60598914,Yahoo Finance – GC=F × USDVND (VNĐ/lượng)
2022-02-07,2022,49954535.51776239,49457475.46285929,49706005.49031084,Yahoo Finance – GC=F × USDVND (VNĐ/lượng)
2022-02-08,2022,50163431.63416724,49664293.0109417,49913862.32255447,Yahoo Finance – GC=F × USDVND (VNĐ/lượng)
2022-02-09,2022,50510794.27394443,50008199.30604449,50259496.78999446,Yahoo Finance – GC=F × USDVND (VNĐ/lượng)
2022-02-10,2022,50460446.53379967,49958352.538438484,50209399.53611908,Yahoo Finance – GC=F × USDVND (VNĐ/lượng)
2022-02-11,2022,50586861.40582127,50083509.551036984,50335185.47842913,Yahoo Finance – GC=F × USDVND (VNĐ/lượng)
2022-02-14,2022,51345657.924349345,50834755.85545035,51090206.88989985,Yahoo Finance – GC=F × USDVND (VNĐ/lượng)
2022-02-15,2022,51072728.26832258,50564541.917394,50818635.09285829,Yahoo Finance – GC=F × USDVND (VNĐ/lượng)
2022-02-16,2022,51553423.4092698,51040454.02211289,51296938.71569135,Yahoo Finance – GC=F × USDVND (VNĐ/lượng)
2022-02-17,2022,52394178.11734124,51872843.01169606,52133510.56451865,Yahoo Finance – GC=F × USDVND (VNĐ/lượng)
2022-02-18,2022,52416808.13165425,51895247.8517373,52156027.99169578,Yahoo Finance – GC=F × USDVND (VNĐ/lượng)
2022-02-22,2022,52658512.91724747,52134547.61458829,52396530.26591788,Yahoo Finance – GC=F × USDVND (VNĐ/lượng)
2022-02-23,2022,52778853.91163726,52253691.18614834,52516272.5488928,Yahoo Finance – GC=F × USDVND (VNĐ/lượng)
2022-02-24,2022,53241727.9937902,52711959.55604105,52976843.77491563,Yahoo Finance – GC=F × USDVND (VNĐ/lượng)
2022-02-25,2022,52208471.27332936,51688983.99697783,51948727.6351536,Yahoo Finance – GC=F × USDVND (VNĐ/lượng)
2022-02-28,2022,52519447.2887873,51996865.72372474,52258156.50625602,Yahoo Finance – GC=F × USDVND (VNĐ/lượng)
2022-03-01,2022,53673117.237063155,53139056.36903268,53406086.80304792,Yahoo Finance – GC=F × USDVND (VNĐ/lượng)
2022-03-02,2022,53102296.43845371,52573915.379364625,52838105.90890917,Yahoo Finance – GC=F × USDVND (VNĐ/lượng)
2022-03-03,2022,53534093.880598575,53001416.329547845,53267755.10507321,Yahoo Finance – GC=F × USDVND (VNĐ/lượng)
2022-03-04,2022,54371802.89061207,53830789.92652638,54101296.40856923,Yahoo Finance – GC=F × USDVND (VNĐ/lượng)
2022-03-07,2022,55156583.55791139,54607761.830967,54882172.694439195,Yahoo Finance – GC=F × USDVND (VNĐ/lượng)
2022-03-08,2022,56471676.453580834,55909769.225187,56190722.83938392,Yahoo Finance – GC=F × USDVND (VNĐ/lượng)
2022-03-09,2022,54971376.39818825,54424397.52855454,54697886.963371396,Yahoo Finance – GC=F × USDVND (VNĐ/lượng)
2022-03-10,2022,55284870.68242007,54734772.466674596,55009821.574547336,Yahoo Finance – GC=F × USDVND (VNĐ/lượng)
2022-03-11,2022,54858771.704070464,54312913.279154345,54585842.491612405,Yahoo Finance – GC=F × USDVND (VNĐ/lượng)
2022-03-14,2022,54309852.45967299,53769455.9177857,54039654.188729346,Yahoo Finance – GC=F × USDVND (VNĐ/lượng)
2022-03-15,2022,53487648.28516083,52955432.87933834,53221540.58224959,Yahoo Finance – GC=F × USDVND (VNĐ/lượng)
2022-03-16,2022,52895954.474576816,52369626.56935715,52632790.52196699,Yahoo Finance – GC=F × USDVND (VNĐ/lượng)
2022-03-17,2022,53838963.30172386,53303252.22409478,53571107.76290932,Yahoo Finance – GC=F × USDVND (VNĐ/lượng)
2022-03-18,2022,53420917.27172502,52889365.85608597,53155141.5639055,Yahoo Finance – GC=F × USDVND (VNĐ/lượng)
2022-03-21,2022,53420315.74312859,52888770.31284871,53154543.02798865,Yahoo Finance – GC=F × USDVND (VNĐ/lượng)
2022-03-22,2022,53201492.8643979,52672124.77619494,52936808.82029642,Yahoo Finance – GC=F × USDVND (VNĐ/lượng)
2022-03-23,2022,53665373.24841896,53131389.43500186,53398381.34171041,Yahoo Finance – GC=F × USDVND (VNĐ/lượng)
2022-03-24,2022,54362905.15714819,53821980.72772384,54092442.94243602,Yahoo Finance – GC=F × USDVND (VNĐ/lượng)
2022-03-25,2022,54139639.329054974,53600936.45015891,53870287.889606945,Yahoo Finance – GC=F × USDVND (VNĐ/lượng)
2022-03-28,2022,53725004.885829575,53190427.7227865,53457716.30430804,Yahoo Finance – GC=F × USDVND (VNĐ/lượng)
2022-03-29,2022,52972096.46824313,52445010.93124569,52708553.69974441,Yahoo Finance – GC=F × USDVND (VNĐ/lượng)
2022-03-30,2022,53541984.87911327,53009228.81066439,53275606.844888836,Yahoo Finance – GC=F × USDVND (VNĐ/lượng)
2022-03-31,2022,53938954.973661646,53402248.95402323,53670601.96384244,Yahoo Finance – GC=F × USDVND (VNĐ/lượng)
2022-04-04,2022,53404208.44305507,52872823.28441771,53138515.86373639,Yahoo Finance – GC=F × USDVND (VNĐ/lượng)
2022-04-05,2022,53292721.94413205,52762446.10389194,53027584.024012,Yahoo Finance – GC=F × USDVND (VNĐ/lượng)
2022-04-06,2022,53151734.08906137,52622861.11305082,52887297.6010561,Yahoo Finance – GC=F × USDVND (VNĐ/lượng)
2022-04-07,2022,53562009.491789006,53029054.17346275,53295531.83262588,Yahoo Finance – GC=F × USDVND (VNĐ/lượng)
2022-04-11,2022,53855192.27553812,53319319.71558252,53587255.99556032,Yahoo Finance – GC=F × USDVND (VNĐ/lượng)
2022-04-12,2022,54692130.34194342,54147930.04003354,54420030.19098848,Yahoo Finance – GC=F × USDVND (VNĐ/lượng)
2022-04-13,2022,54936553.846432075,54389921.46985067,54663237.658141375,Yahoo Finance – GC=F × USDVND (VNĐ/lượng)
2022-04-14,2022,54687509.37821802,54143355.056046695,54415432.21713236,Yahoo Finance – GC=F × USDVND (VNĐ/lượng)
2022-04-18,2022,54996452.730358414,54449224.344981715,54722838.53767007,Yahoo Finance – GC=F × USDVND (VNĐ/lượng)
2022-04-19,2022,54396078.22396933,53854823.7142781,54125450.96912372,Yahoo Finance – GC=F × USDVND (VNĐ/lượng)
2022-04-20,2022,54318071.86867719,53777593.54162568,54047832.70515144,Yahoo Finance – GC=F × USDVND (VNĐ/lượng)
2022-04-21,2022,54112183.91708169,53573754.22636446,53842969.07172308,Yahoo Finance – GC=F × USDVND (VNĐ/lượng)
2022-04-25,2022,52721926.250468746,52197329.96936956,52459628.10991915,Yahoo Finance – GC=F × USDVND (VNĐ/lượng)
2022-04-26,2022,52920331.73950878,52393761.274439044,52657046.506973915,Yahoo Finance – GC=F × USDVND (VNĐ/lượng)
2022-04-27,2022,52477505.58334146,51955341.348681346,52216423.466011405,Yahoo Finance – GC=F × USDVND (VNĐ/lượng)
2022-04-28,2022,52534820.50994711,52012085.977509834,52273453.243728474,Yahoo Finance – GC=F × USDVND (VNĐ/lượng)
2022-05-02,2022,51800126.17325707,51284702.03222964,51542414.10274336,Yahoo Finance – GC=F × USDVND (VNĐ/lượng)
2022-05-03,2022,51994884.40384204,51477522.369972974,51736203.38690751,Yahoo Finance – GC=F × USDVND (VNĐ/lượng)
2022-05-04,2022,51953851.186361656,51436897.44321378,51695374.31478772,Yahoo Finance – GC=F × USDVND (VNĐ/lượng)
2022-05-05,2022,52123665.76510681,51605022.324658,51864344.04488241,Yahoo Finance – GC=F × USDVND (VNĐ/lượng)
2022-05-09,2022,51642355.356184684,51128501.0740336,51385428.21510915,Yahoo Finance – GC=F × USDVND (VNĐ/lượng)
2022-05-10,2022,51143993.67320006,50635098.21376524,50889545.94348265,Yahoo Finance – GC=F × USDVND (VNĐ/lượng)
2022-05-11,2022,51741694.967337444,51226852.23134404,51484273.599340744,Yahoo Finance – GC=F × USDVND (VNĐ/lượng)
2022-05-12,2022,51038988.80838135,50531138.173472084,50785063.49092672,Yahoo Finance – GC=F × USDVND (VNĐ/lượng)
2022-05-16,2022,50748544.87336634,50243584.22786021,50496064.55061328,Yahoo Finance – GC=F × USDVND (VNĐ/lượng)
2022-05-17,2022,50935144.098070815,50428326.74386116,50681735.42096599,Yahoo Finance – GC=F × USDVND (VNĐ/lượng)
2022-05-18,2022,50912519.35261495,50405927.12025063,50659223.23643279,Yahoo Finance – GC=F × USDVND (VNĐ/lượng)
2022-05-19,2022,51624086.16128543,51110413.66216817,51367249.9117268,Yahoo Finance – GC=F × USDVND (VNĐ/lượng)
2022-05-23,2022,51876309.8610338,51360127.67336182,51618218.76719781,Yahoo Finance – GC=F × USDVND (VNĐ/lượng)
2022-05-24,2022,52452395.17118213,51930480.79136938,52191437.98127576,Yahoo Finance – GC=F × USDVND (VNĐ/lượng)
2022-05-25,2022,51876127.789494134,51359947.41347927,51618037.601486705,Yahoo Finance – GC=F × USDVND (VNĐ/lượng)
2022-05-26,2022,51943425.36333647,51426575.35972119,51685000.361528836,Yahoo Finance – GC=F × USDVND (VNĐ/lượng)
2022-05-31,2022,51766617.936598204,51251527.21086091,51509072.57372956,Yahoo Finance – GC=F × USDVND (VNĐ/lượng)
2022-06-01,2022,51808044.7605739,51292541.827632874,51550293.29410339,Yahoo Finance – GC=F × USDVND (VNĐ/lượng)
2022-06-02,2022,52453320.975734234,51931397.38393589,52192359.179835066,Yahoo Finance – GC=F × USDVND (VNĐ/lượng)
2022-06-06,2022,51657150.492514774,51143148.99507682,51400149.7437958,Yahoo Finance – GC=F × USDVND (VNĐ/lượng)
2022-06-07,2022,51901464.79194463,51385032.30645265,51643248.54919864,Yahoo Finance – GC=F × USDVND (VNĐ/lượng)
2022-06-08,2022,52029561.659563206,51511854.57837353,51770708.11896837,Yahoo Finance – GC=F × USDVND (VNĐ/lượng)
2022-06-09,2022,51870782.17435534,51354654.988540865,51612718.58144811,Yahoo Finance – GC=F × USDVND (VNĐ/lượng)
2022-06-13,2022,51375804.53164434,50864602.49650361,51120203.514073975,Yahoo Finance – GC=F × USDVND (VNĐ/lượng)
2022-06-14,2022,50888751.436735414,50382395.70104651,50635573.56889097,Yahoo Finance – GC=F × USDVND (VNĐ/lượng)
2022-06-15,2022,51095858.06454506,50587441.56639038,50841649.81546772,Yahoo Finance – GC=F × USDVND (VNĐ/lượng)
2022-06-16,2022,51956007.08757027,51439031.89266908,51697519.49011968,Yahoo Finance – GC=F × USDVND (VNĐ/lượng)
2022-06-21,2022,51630207.767763816,51116474.357139304,51373341.062451564,Yahoo Finance – GC=F × USDVND (VNĐ/lượng)
2022-06-22,2022,51641770.35063669,51127921.88943633,51384846.12003651,Yahoo Finance – GC=F × USDVND (VNĐ/lượng)
2022-06-23,2022,51419557.903488666,50907920.511414155,51163739.20745141,Yahoo Finance – GC=F × USDVND (VNĐ/lượng)
2022-06-27,2022,51286577.68359156,50776263.477784686,51031420.58068813,Yahoo Finance – GC=F × USDVND (VNĐ/lượng)
2022-06-28,2022,51212836.552759334,50703256.089547805,50958046.32115357,Yahoo Finance – GC=F × USDVND (VNĐ/lượng)
2022-06-29,2022,51127736.441437945,50619002.74550324,50873369.593470596,Yahoo Finance – GC=F × USDVND (VNĐ/lượng)
2022-06-30,2022,50835255.666860916,50329432.22738966,50582343.94712529,Yahoo Finance – GC=F × USDVND (VNĐ/lượng)
2022-07-05,2022,49867491.664517,49371297.71760639,49619394.6910617,Yahoo Finance – GC=F × USDVND (VNĐ/lượng)
2022-07-06,2022,49133418.29936707,48644528.565045014,48888973.43220604,Yahoo Finance – GC=F × USDVND (VNĐ/lượng)
2022-07-07,2022,49169947.18992882,48680693.98405889,48925320.58699386,Yahoo Finance – GC=F × USDVND (VNĐ/lượng)
2022-07-11,2022,48940145.26098349,48453178.64147122,48696661.95122736,Yahoo Finance – GC=F × USDVND (VNĐ/lượng)
2022-07-12,2022,48838309.39394025,48352356.06663737,48595332.73028881,Yahoo Finance – GC=F × USDVND (VNĐ/lượng)
2022-07-13,2022,49145111.24185926,48656105.15985071,48900608.20085499,Yahoo Finance – GC=F × USDVND (VNĐ/lượng)
2022-07-14,2022,48359214.2011751,47878027.99021814,48118621.09569662,Yahoo Finance – GC=F × USDVND (VNĐ/lượng)
2022-07-18,2022,48544333.94523055,48061305.746770546,48302819.84600055,Yahoo Finance – GC=F × USDVND (VNĐ/lượng)
2022-07-19,2022,48509041.506582856,48026364.476666614,48267702.991624735,Yahoo Finance – GC=F × USDVND (VNĐ/lượng)
2022-07-20,2022,48207060.46948093,47727388.22600351,47967224.34774222,Yahoo Finance – GC=F × USDVND (VNĐ/lượng)
2022-07-21,2022,48581482.85508656,48098085.01573247,48339783.935409516,Yahoo Finance – GC=F × USDVND (VNĐ/lượng)
2022-07-25,2022,48708114.53092095,48223456.6748919,48465785.60290643,Yahoo Finance – GC=F × USDVND (VNĐ/lượng)
2022-07-26,2022,48640057.90929616,48156077.23358178,48398067.571438976,Yahoo Finance – GC=F × USDVND (VNĐ/lượng)
2022-07-27,2022,48690117.35693076,48205638.577259816,48447877.96709529,Yahoo Finance – GC=F × USDVND (VNĐ/lượng)
2022-07-28,2022,49537744.24489605,49044831.36683738,49291287.80586672,Yahoo Finance – GC=F × USDVND (VNĐ/lượng)
2022-08-01,2022,50060567.9123732,49562452.808767505,49811510.360570356,Yahoo Finance – GC=F × USDVND (VNĐ/lượng)
2022-08-02,2022,50115702.67635598,49617038.96813354,49866370.82224476,Yahoo Finance – GC=F × USDVND (VNĐ/lượng)
2022-08-03,2022,49832356.39879756,49336512.05652097,49584434.22765926,Yahoo Finance – GC=F × USDVND (VNĐ/lượng)
2022-08-04,2022,50694743.84213191,50190318.53026991,50442531.18620092,Yahoo Finance – GC=F × USDVND (VNĐ/lượng)
2022-08-08,2022,50635733.84792163,50131895.70018113,50383814.77405138,Yahoo Finance – GC=F × USDVND (VNĐ/lượng)
2022-08-09,2022,50833250.417959385,50327446.93121353,50580348.67458646,Yahoo Finance – GC=F × USDVND (VNĐ/lượng)
2022-08-10,2022,50878585.95844021,50372331.37178907,50625458.66511464,Yahoo Finance – GC=F × USDVND (VNĐ/lượng)
2022-08-11,2022,50722250.63160059,50217551.62034089,50469901.12597074,Yahoo Finance – GC=F × USDVND (VNĐ/lượng)
2022-08-15,2022,50508605.59198986,50006032.40201982,50257318.997004844,Yahoo Finance – GC=F × USDVND (VNĐ/lượng)
2022-08-16,2022,50282551.94298282,49782228.04305265,50032389.99301774,Yahoo Finance – GC=F × USDVND (VNĐ/lượng)
2022-08-17,2022,49912484.14548212,49415842.51219375,49664163.32883794,Yahoo Finance – GC=F × USDVND (VNĐ/lượng)
2022-08-18,2022,49770711.485250965,49275480.52519872,49523096.00522485,Yahoo Finance – GC=F × USDVND (VNĐ/lượng)
2022-08-22,2022,49185668.05182697,48696258.41947048,48940963.23564873,Yahoo Finance – GC=F × USDVND (VNĐ/lượng)
2022-08-23,2022,49591078.2987805,49097634.73361851,49344356.51619951,Yahoo Finance – GC=F × USDVND (VNĐ/lượng)
2022-08-24,2022,49608879.09461695,49115258.40710833,49362068.75086264,Yahoo Finance – GC=F × USDVND (VNĐ/lượng)
2022-08-25,2022,49885614.54427996,49389240.27020753,49637427.40724375,Yahoo Finance – GC=F × USDVND (VNĐ/lượng)
2022-08-29,2022,49301501.57753758,48810939.37278597,49056220.475161776,Yahoo Finance – GC=F × USDVND (VNĐ/lượng)
2022-08-30,2022,48889759.78303032,48403294.511557385,48646527.14729386,Yahoo Finance – GC=F × USDVND (VNĐ/lượng)
2022-08-31,2022,48667336.81588642,48183084.70826567,48425210.76207605,Yahoo Finance – GC=F × USDVND (VNĐ/lượng)
2022-09-01,2022,48207029.48377315,47727357.54861123,47967193.51619219,Yahoo Finance – GC=F × USDVND (VNĐ/lượng)
2022-09-06,2022,48459227.59949424,47977046.23034505,48218136.914919645,Yahoo Finance – GC=F × USDVND (VNĐ/lượng)
2022-09-07,2022,49008562.97577928,48520915.58298546,48764739.27938237,Yahoo Finance – GC=F × USDVND (VNĐ/lượng)
2022-09-08,2022,48721347.292105384,48236557.766810805,48478952.5294581,Yahoo Finance – GC=F × USDVND (VNĐ/lượng)
2022-09-12,2022,49248640.80759821,48758604.58065694,49003622.694127575,Yahoo Finance – GC=F × USDVND (VNĐ/lượng)
2022-09-13,2022,48658496.22028067,48174332.078785345,48416414.14953301,Yahoo Finance – GC=F × USDVND (VNĐ/lượng)
2022-09-14,2022,48491974.98874725,48009467.77492887,48250721.38183806,Yahoo Finance – GC=F × USDVND (VNĐ/lượng)
2022-09-15,2022,47663565.578885965,47189301.2447677,47426433.411826834,Yahoo Finance – GC=F × USDVND (VNĐ/lượng)
2022-09-19,2022,47787404.482364684,47311907.92035111,47549656.2013579,Yahoo Finance – GC=F × USDVND (VNĐ/lượng)
2022-09-20,2022,47600981.40095906,47127339.79497937,47364160.59796922,Yahoo Finance – GC=F × USDVND (VNĐ/lượng)
2022-09-21,2022,47781855.685942516,47306414.33583364,47544135.01088808,Yahoo Finance – GC=F × USDVND (VNĐ/lượng)
2022-09-22,2022,47980071.73189436,47502658.08282079,47741364.90735757,Yahoo Finance – GC=F × USDVND (VNĐ/lượng)
2022-09-26,2022,46645526.38117347,46181391.79031603,46413459.08574475,Yahoo Finance – GC=F × USDVND (VNĐ/lượng)
2022-09-27,2022,46772788.17960414,46307387.302195154,46540087.74089965,Yahoo Finance – GC=F × USDVND (VNĐ/lượng)
2022-09-28,2022,47741772.2791355,47266729.76889536,47504251.024015434,Yahoo Finance – GC=F × USDVND (VNĐ/lượng)
2022-09-29,2022,47868002.01343899,47391703.485942096,47629852.74969055,Yahoo Finance – GC=F × USDVND (VNĐ/lượng)
2022-10-03,2022,48983938.51888394,48496536.14556172,48740237.332222834,Yahoo Finance – GC=F × USDVND (VNĐ/lượng)
2022-10-04,2022,49789474.930514045,49294057.269513905,49541766.10001398,Yahoo Finance – GC=F × USDVND (VNĐ/lượng)
2022-10-05,2022,49488129.62032586,48995710.42012362,49241920.02022474,Yahoo Finance – GC=F × USDVND (VNĐ/lượng)
2022-10-06,2022,49507172.69396332,49014564.010441296,49260868.35220231,Yahoo Finance – GC=F × USDVND (VNĐ/lượng)
2022-10-10,2022,48223002.748510994,47743171.87539148,47983087.31195124,Yahoo Finance – GC=F × USDVND (VNĐ/lượng)
2022-10-11,2022,48664592.586179264,48180367.78432674,48422480.185253,Yahoo Finance – GC=F × USDVND (VNĐ/lượng)
2022-10-12,2022,48461561.41093695,47979356.81978335,48220459.115360156,Yahoo Finance – GC=F × USDVND (VNĐ/lượng)
2022-10-13,2022,48806969.4728889,48321327.98559648,48564148.72924269,Yahoo Finance – GC=F × USDVND (VNĐ/lượng)
2022-10-17,2022,48808508.30694295,48322851.50786889,48565679.90740592,Yahoo Finance – GC=F × USDVND (VNĐ/lượng)
2022-10-18,2022,48812628.0201585,48326930.22891315,48569779.12453583,Yahoo Finance – GC=F × USDVND (VNĐ/lượng)
2022-10-19,2022,48215639.16641214,47735881.562766254,47975760.3645892,Yahoo Finance – GC=F × USDVND (VNĐ/lượng)
2022-10-20,2022,48471485.71351617,47989182.373083174,48230334.043299675,Yahoo Finance – GC=F × USDVND (VNĐ/lượng)
2022-10-24,2022,49602825.10794883,49109264.65911353,49356044.88353118,Yahoo Finance – GC=F × USDVND (VNĐ/lượng)
2022-10-25,2022,49746207.39501391,49251220.25675508,49498713.8258845,Yahoo Finance – GC=F × USDVND (VNĐ/lượng)
2022-10-26,2022,50063142.73313293,49565002.009420164,49814072.37127655,Yahoo Finance – GC=F × USDVND (VNĐ/lượng)
2022-10-27,2022,49963857.38727432,49466704.57745069,49715280.98236251,Yahoo Finance – GC=F × USDVND (VNĐ/lượng)
2022-10-31,2022,49197904.334303394,48708372.94789242,48953138.64109791,Yahoo Finance – GC=F × USDVND (VNĐ/lượng)
2022-11-01,2022,49511440.43274873,49018789.28416417,49265114.85845645,Yahoo Finance – GC=F × USDVND (VNĐ/lượng)
2022-11-02,2022,49552448.28422147,49059389.0973138,49305918.69076764,Yahoo Finance – GC=F × USDVND (VNĐ/lượng)
2022-11-03,2022,48968845.985431366,48481593.78657135,48725219.88600136,Yahoo Finance – GC=F × USDVND (VNĐ/lượng)
2022-11-04,2022,50379669.992926836,49878379.74424101,50129024.868583925,Yahoo Finance – GC=F × USDVND (VNĐ/lượng)
2022-11-07,2022,50520473.30887199,50017782.0321668,50269127.6705194,Yahoo Finance – GC=F × USDVND (VNĐ/lượng)
2022-11-08,2022,51593260.43466135,51079894.659192085,51336577.54692672,Yahoo Finance – GC=F × USDVND (VNĐ/lượng)
2022-11-09,2022,51535063.5482283,51022276.84625588,51278670.197242096,Yahoo Finance – GC=F × USDVND (VNĐ/lượng)
2022-11-10,2022,52727433.745038345,52202782.66299817,52465108.20401826,Yahoo Finance – GC=F × USDVND (VNĐ/lượng)
2022-11-11,2022,53206811.07029755,52677390.06462295,52942100.567460254,Yahoo Finance – GC=F × USDVND (VNĐ/lượng)
2022-11-14,2022,53306844.24347086,52776427.882839315,53041636.06315509,Yahoo Finance – GC=F × USDVND (VNĐ/lượng)
2022-11-15,2022,53162408.08365919,52633428.89874716,52897918.491203174,Yahoo Finance – GC=F × USDVND (VNĐ/lượng)
2022-11-16,2022,53202879.16753742,52673497.28527337,52938188.2264054,Yahoo Finance – GC=F × USDVND (VNĐ/lượng)
2022-11-17,2022,52858127.27960524,52332175.76438529,52595151.52199527,Yahoo Finance – GC=F × USDVND (VNĐ/lượng)
2022-11-18,2022,52654636.342516236,52130709.612739965,52392672.977628104,Yahoo Finance – GC=F × USDVND (VNĐ/lượng)
2022-11-21,2022,52208302.37171391,51688816.775975466,51948559.573844686,Yahoo Finance – GC=F × USDVND (VNĐ/lượng)
2022-11-22,2022,52309067.05179046,51788578.82241941,52048822.93710494,Yahoo Finance – GC=F × USDVND (VNĐ/lượng)
2022-11-23,2022,52539387.97248248,52016607.99265679,52277997.982569635,Yahoo Finance – GC=F × USDVND (VNĐ/lượng)
2022-11-25,2022,52756199.39851412,52231262.09106623,52493730.744790174,Yahoo Finance – GC=F × USDVND (VNĐ/lượng)
2022-11-28,2022,52205097.222762726,51685643.51905365,51945370.37090819,Yahoo Finance – GC=F × USDVND (VNĐ/lượng)
2022-11-29,2022,52475293.71424438,51953151.48823201,52214222.6012382,Yahoo Finance – GC=F × USDVND (VNĐ/lượng)
2022-11-30,2022,52360949.12951919,51839944.66056875,52100446.89504397,Yahoo Finance – GC=F × USDVND (VNĐ/lượng)
2022-12-01,2022,53751464.29743644,53216623.85666593,53484044.077051185,Yahoo Finance – GC=F × USDVND (VNĐ/lượng)
2022-12-02,2022,53313391.19930464,52782909.69483396,53048150.4470693,Yahoo Finance – GC=F × USDVND (VNĐ/lượng)
2022-12-05,2022,52146106.80565068,51627240.07126611,51886673.4384584,Yahoo Finance – GC=F × USDVND (VNĐ/lượng)
2022-12-06,2022,51408950.25489847,50897418.41156616,51153184.33323232,Yahoo Finance – GC=F × USDVND (VNĐ/lượng)
2022-12-07,2022,51879657.57471024,51363442.07645442,51621549.82558233,Yahoo Finance – GC=F × USDVND (VNĐ/lượng)
2022-12-08,2022,51799249.052163966,51283833.638709605,51541541.34543679,Yahoo Finance – GC=F × USDVND (VNĐ/lượng)
2022-12-09,2022,51810019.17774217,51294496.59885917,51552257.88830067,Yahoo Finance – GC=F × USDVND (VNĐ/lượng)
2022-12-12,2022,50806696.442924425,50301157.17483563,50553926.80888003,Yahoo Finance – GC=F × USDVND (VNĐ/lượng)
2022-12-13,2022,52045491.272303306,51527625.68750428,51786558.479903795,Yahoo Finance – GC=F × USDVND (VNĐ/lượng)
2022-12-14,2022,51686649.01056152,51172353.99553106,51429501.50304629,Yahoo Finance – GC=F × USDVND (VNĐ/lượng)
2022-12-15,2022,50647927.36245958,50143967.88621621,50395947.6243379,Yahoo Finance – GC=F × USDVND (VNĐ/lượng)
2022-12-16,2022,50969334.23891202,50462176.68429599,50715755.46160401,Yahoo Finance – GC=F × USDVND (VNĐ/lượng)
2022-12-19,2022,51077131.19850978,50568901.03733059,50823016.11792019,Yahoo Finance – GC=F × USDVND (VNĐ/lượng)
2022-12-20,2022,52146882.26185118,51628007.81148451,51887445.036667846,Yahoo Finance – GC=F × USDVND (VNĐ/lượng)
2022-12-21,2022,52212890.97357504,51693359.72010664,51953125.34684084,Yahoo Finance – GC=F × USDVND (VNĐ/lượng)
2022-12-22,2022,51316965.333483376,50806348.76300096,51061657.04824217,Yahoo Finance – GC=F × USDVND (VNĐ/lượng)
2022-12-23,2022,51420221.797533415,50908577.799548015,51164399.79854072,Yahoo Finance – GC=F × USDVND (VNĐ/lượng)
2022-12-27,2022,51873409.123106815,51357255.798498794,51615332.46080281,Yahoo Finance – GC=F × USDVND (VNĐ/lượng)
2022-12-28,2022,51654276.0323139,51140303.13646998,51397289.584391944,Yahoo Finance – GC=F × USDVND (VNĐ/lượng)
2022-12-29,2022,52073889.93602006,51555741.7774527,51814815.856736384,Yahoo Finance – GC=F × USDVND (VNĐ/lượng)
2022-12-30,2022,52035514.622825235,51517748.30817027,51776631.465497755,Yahoo Finance – GC=F × USDVND (VNĐ/lượng)
2023-01-03,2023,52629719.03451839,52106040.23815503,52367879.636336714,Yahoo Finance – GC=F × USDVND (VNĐ/lượng)
2023-01-04,2023,52791208.52227361,52265922.86533557,52528565.69380459,Yahoo Finance – GC=F × USDVND (VNĐ/lượng)
2023-01-05,2023,52267224.62145212,51747152.73467151,52007188.67806182,Yahoo Finance – GC=F × USDVND (VNĐ/lượng)
2023-01-06,2023,53025669.526373915,52498050.92412144,52761860.22524768,Yahoo Finance – GC=F × USDVND (VNĐ/lượng)
2023-01-09,2023,53233408.48951643,52703722.83290433,52968565.66121038,Yahoo Finance – GC=F × USDVND (VNĐ/lượng)
2023-01-10,2023,53172659.40814695,52643578.22000619,52908118.81407657,Yahoo Finance – GC=F × USDVND (VNĐ/lượng)
2023-01-11,2023,53253347.38423774,52723463.33066324,52988405.35745049,Yahoo Finance – GC=F × USDVND (VNĐ/lượng)
2023-01-12,2023,53835588.35822335,53299910.862121634,53567749.610172495,Yahoo Finance – GC=F × USDVND (VNĐ/lượng)
2023-01-13,2023,54481341.01195751,53939238.11631615,54210289.56413683,Yahoo Finance – GC=F × USDVND (VNĐ/lượng)
2023-01-17,2023,54154022.38579323,53615176.39190474,53884599.38884899,Yahoo Finance – GC=F × USDVND (VNĐ/lượng)
2023-01-18,2023,54058367.147758275,53520472.947283074,53789420.047520675,Yahoo Finance – GC=F × USDVND (VNĐ/lượng)
2023-01-19,2023,54584088.30209621,54040963.04535894,54312525.67372758,Yahoo Finance – GC=F × USDVND (VNĐ/lượng)
2023-01-20,2023,54713204.2878538,54168794.29493984,54440999.29139682,Yahoo Finance – GC=F × USDVND (VNĐ/lượng)
2023-01-23,2023,54733084.15235389,54188476.349842906,54460780.2510984,Yahoo Finance – GC=F × USDVND (VNĐ/lượng)
2023-01-24,2023,54926217.69470512,54379688.16540457,54652952.93005485,Yahoo Finance – GC=F × USDVND (VNĐ/lượng)
2023-01-25,2023,55133548.66383135,54584956.13981313,54859252.40182225,Yahoo Finance – GC=F × USDVND (VNĐ/lượng)
2023-01-26,2023,54789887.72751424,54244714.715300165,54517301.221407205,Yahoo Finance – GC=F × USDVND (VNĐ/lượng)
2023-01-27,2023,54775686.83372415,54230655.12393585,54503170.97883,Yahoo Finance – GC=F × USDVND (VNĐ/lượng)
2023-01-30,2023,54660396.83510418,54116512.28948126,54388454.562292725,Yahoo Finance – GC=F × USDVND (VNĐ/lượng)
2023-01-31,2023,54871387.25344414,54325403.30067356,54598395.277058855,Yahoo Finance – GC=F × USDVND (VNĐ/lượng)
2023-02-01,2023,54764646.87113098,54219725.01171675,54492185.94142387,Yahoo Finance – GC=F × USDVND (VNĐ/lượng)
2023-02-02,2023,54426346.92669704,53884791.23588414,54155569.08129059,Yahoo Finance – GC=F × USDVND (VNĐ/lượng)
2023-02-03,2023,52930005.930821024,52403339.20514122,52666672.567981124,Yahoo Finance – GC=F × USDVND (VNĐ/lượng)
2023-02-06,2023,53003414.59531815,52476017.43516574,52739716.01524195,Yahoo Finance – GC=F × USDVND (VNĐ/lượng)
2023-02-07,2023,53250340.509649076,52720486.37522471,52985413.442436896,Yahoo Finance – GC=F × USDVND (VNĐ/lượng)
2023-02-08,2023,53685486.0936704,53151302.152439855,53418394.12305513,Yahoo Finance – GC=F × USDVND (VNĐ/lượng)
2023-02-09,2023,53342600.26892301,52811828.12694368,53077214.197933346,Yahoo Finance – GC=F × USDVND (VNĐ/lượng)
2023-02-10,2023,53177705.478655025,52648574.08085746,52913139.77975625,Yahoo Finance – GC=F × USDVND (VNĐ/lượng)
2023-02-13,2023,52877759.97358895,52351613.108180106,52614686.54088453,Yahoo Finance – GC=F × USDVND (VNĐ/lượng)
2023-02-14,2023,53005114.75798543,52477700.68079155,52741407.71938849,Yahoo Finance – GC=F × USDVND (VNĐ/lượng)
2023-02-15,2023,52450151.64116722,51928259.58503621,52189205.61310172,Yahoo Finance – GC=F × USDVND (VNĐ/lượng)
2023-02-16,2023,52706677.885929234,52182233.329850346,52444455.607889794,Yahoo Finance – GC=F × USDVND (VNĐ/lượng)
2023-02-17,2023,52805844.93025177,52280413.63741345,52543129.28383261,Yahoo Finance – GC=F × USDVND (VNĐ/lượng)
2023-02-21,2023,52693464.51163052,52169151.43191281,52431307.971771665,Yahoo Finance – GC=F × USDVND (VNĐ/lượng)
2023-02-22,2023,52620321.42684907,52096736.13901973,52358528.7829344,Yahoo Finance – GC=F × USDVND (VNĐ/lượng)
2023-02-23,2023,52383413.68334753,51862185.68649831,52122799.68492292,Yahoo Finance – GC=F × USDVND (VNĐ/lượng)
2023-02-24,2023,52195037.5705178,51675683.96285096,51935360.76668438,Yahoo Finance – GC=F × USDVND (VNĐ/lượng)
2023-02-27,2023,52354599.9244458,51833658.63166525,52094129.27805553,Yahoo Finance – GC=F × USDVND (VNĐ/lượng)
2023-02-28,2023,52752885.41472339,52227981.082238585,52490433.24848099,Yahoo Finance – GC=F × USDVND (VNĐ/lượng)
2023-03-01,2023,52861975.12943609,52335985.32715315,52598980.228294626,Yahoo Finance – GC=F × USDVND (VNĐ/lượng)
2023-03-02,2023,52674513.83083896,52150389.31510923,52412451.5729741,Yahoo Finance – GC=F × USDVND (VNĐ/lượng)
2023-03-03,2023,53060075.17681366,52532114.2297807,52796094.70329718,Yahoo Finance – GC=F × USDVND (VNĐ/lượng)
2023-03-06,2023,53088211.286613695,52559970.378289185,52824090.83245144,Yahoo Finance – GC=F × USDVND (VNĐ/lượng)
2023-03-07,2023,51979555.26140089,51462345.75631233,51720950.50885662,Yahoo Finance – GC=F × USDVND (VNĐ/lượng)
2023-03-08,2023,51923201.544759795,51406552.77317015,51664877.15896498,Yahoo Finance – GC=F × USDVND (VNĐ/lượng)
2023-03-09,2023,52553853.68025714,52030929.763040654,52292391.7216489,Yahoo Finance – GC=F × USDVND (VNĐ/lượng)
2023-03-10,2023,53425604.19245423,52894006.14078802,53159805.166621126,Yahoo Finance – GC=F × USDVND (VNĐ/lượng)
2023-03-13,2023,54805297.17188202,54259970.83186329,54532634.00187266,Yahoo Finance – GC=F × USDVND (VNĐ/lượng)
2023-03-14,2023,54439747.75350848,53898058.721135266,54168903.237321876,Yahoo Finance – GC=F × USDVND (VNĐ/lượng)
2023-03-15,2023,55022358.29370088,54474872.14152476,54748615.217612825,Yahoo Finance – GC=F × USDVND (VNĐ/lượng)
2023-03-16,2023,54793682.19211664,54248471.424035884,54521076.80807626,Yahoo Finance – GC=F × USDVND (VNĐ/lượng)
2023-03-17,2023,56232254.72552434,55672729.802882314,55952492.26420333,Yahoo Finance – GC=F × USDVND (VNĐ/lượng)
2023-03-20,2023,56524577.09345415,55962143.490534216,56243360.291994184,Yahoo Finance – GC=F × USDVND (VNĐ/lượng)
2023-03-21,2023,55347935.07965341,54797209.35746781,55072572.21856061,Yahoo Finance – GC=F × USDVND (VNĐ/lượng)
2023-03-22,2023,55599258.367185324,55046031.91577055,55322645.14147794,Yahoo Finance – GC=F × USDVND (VNĐ/lượng)
2023-03-23,2023,56796594.84907924,56231454.60182472,56514024.72545198,Yahoo Finance – GC=F × USDVND (VNĐ/lượng)
2023-03-24,2023,56415266.04961608,55853920.11877414,56134593.084195115,Yahoo Finance – GC=F × USDVND (VNĐ/lượng)
2023-03-27,2023,55593591.85051415,55040421.78234984,55317006.816432,Yahoo Finance – GC=F × USDVND (VNĐ/lượng)
2023-03-28,2023,56115283.25121176,55556922.223836526,55836102.737524144,Yahoo Finance – GC=F × USDVND (VNĐ/lượng)
2023-03-29,2023,55936045.256833956,55379467.69208934,55657756.47446165,Yahoo Finance – GC=F × USDVND (VNĐ/lượng)
2023-03-30,2023,56316046.05196289,55755687.384779185,56035866.71837104,Yahoo Finance – GC=F × USDVND (VNĐ/lượng)
2023-04-03,2023,56418422.65443966,55857045.31459449,56137733.984517075,Yahoo Finance – GC=F × USDVND (VNĐ/lượng)
2023-04-04,2023,57483098.65702169,56911127.52610605,57197113.09156387,Yahoo Finance – GC=F × USDVND (VNĐ/lượng)
2023-04-05,2023,57458390.33578257,56886665.058809616,57172527.6972961,Yahoo Finance – GC=F × USDVND (VNĐ/lượng)
2023-04-06,2023,57168372.70310839,56599533.173724234,56883952.93841632,Yahoo Finance – GC=F × USDVND (VNĐ/lượng)
2023-04-10,2023,56498815.2890639,55936638.02250605,56217726.65578498,Yahoo Finance – GC=F × USDVND (VNĐ/lượng)
2023-04-11,2023,56952051.01174216,56385363.936998464,56668707.474370316,Yahoo Finance – GC=F × USDVND (VNĐ/lượng)
2023-04-12,2023,57118028.47449969,56549689.88271362,56833859.17860666,Yahoo Finance – GC=F × USDVND (VNĐ/lượng)
2023-04-13,2023,57976570.37421902,57399689.07696311,57688129.72559107,Yahoo Finance – GC=F × USDVND (VNĐ/lượng)
2023-04-17,2023,56747578.38652142,56182925.86526251,56465252.12589197,Yahoo Finance – GC=F × USDVND (VNĐ/lượng)
2023-04-18,2023,57171850.34849993,56602976.21567904,56887413.28208949,Yahoo Finance – GC=F × USDVND (VNĐ/lượng)
2023-04-19,2023,56838890.85906163,56273329.7559864,56556110.30752402,Yahoo Finance – GC=F × USDVND (VNĐ/lượng)
2023-04-20,2023,57136191.38645407,56567672.06917593,56851931.727815,Yahoo Finance – GC=F × USDVND (VNĐ/lượng)
2023-04-24,2023,56624143.26428066,56060718.9531933,56342431.108736984,Yahoo Finance – GC=F × USDVND (VNĐ/lượng)
2023-04-25,2023,56712895.42575594,56148588.008584246,56430741.7171701,Yahoo Finance – GC=F × USDVND (VNĐ/lượng)
2023-04-26,2023,56457579.051818065,55895812.09607859,56176695.57394833,Yahoo Finance – GC=F × USDVND (VNĐ/lượng)
2023-04-27,2023,56528773.41305999,55966298.05571611,56247535.73438805,Yahoo Finance – GC=F × USDVND (VNĐ/lượng)
2023-05-01,2023,56356138.648430616,55795381.049938776,56075759.8491847,Yahoo Finance – GC=F × USDVND (VNĐ/lượng)
2023-05-02,2023,57234128.98758736,56664635.166815355,56949382.07720136,Yahoo Finance – GC=F × USDVND (VNĐ/lượng)
2023-05-03,2023,57640445.73917849,57066908.965654336,57353677.35241642,Yahoo Finance – GC=F × USDVND (VNĐ/lượng)
2023-05-04,2023,58179268.571061134,57600370.376324214,57889819.47369268,Yahoo Finance – GC=F × USDVND (VNĐ/lượng)
2023-05-08,2023,57557909.24441918,56985193.72954935,57271551.48698427,Yahoo Finance – GC=F × USDVND (VNĐ/lượng)
2023-05-09,2023,57881062.95364426,57305131.978981145,57593097.46631271,Yahoo Finance – GC=F × USDVND (VNĐ/lượng)
2023-05-10,2023,57731337.60569549,57156896.43548958,57444117.02059254,Yahoo Finance – GC=F × USDVND (VNĐ/lượng)
2023-05-11,2023,57282109.35990236,56712138.122490406,56997123.74119639,Yahoo Finance – GC=F × USDVND (VNĐ/lượng)
2023-05-15,2023,57344149.3883325,56773560.83720482,57058855.112768665,Yahoo Finance – GC=F × USDVND (VNĐ/lượng)
2023-05-16,2023,56498208.170349374,55936036.94477376,56217122.55756157,Yahoo Finance – GC=F × USDVND (VNĐ/lượng)
2023-05-17,2023,56279419.02549798,55719424.8063388,55999421.915918395,Yahoo Finance – GC=F × USDVND (VNĐ/lượng)
2023-05-18,2023,55591803.92680888,55038651.648930185,55315227.787869535,Yahoo Finance – GC=F × USDVND (VNĐ/lượng)
2023-05-22,2023,56083065.84727895,55525025.39108712,55804045.61918304,Yahoo Finance – GC=F × USDVND (VNĐ/lượng)
2023-05-23,2023,56091384.06754429,55533260.84299162,55812322.45526796,Yahoo Finance – GC=F × USDVND (VNĐ/lượng)
2023-05-24,2023,55818378.63712212,55262971.884513944,55540675.260818034,Yahoo Finance – GC=F × USDVND (VNĐ/lượng)
2023-05-25,2023,55258145.23582991,54708312.94492614,54983229.09037803,Yahoo Finance – GC=F × USDVND (VNĐ/lượng)
2023-05-30,2023,55705598.88758499,55151314.32153937,55428456.604562186,Yahoo Finance – GC=F × USDVND (VNĐ/lượng)
2023-05-31,2023,55885354.18087724,55329281.00494812,55607317.59291268,Yahoo Finance – GC=F × USDVND (VNĐ/lượng)
2023-06-01,2023,56286587.50221036,55726521.95492469,56006554.728567526,Yahoo Finance – GC=F × USDVND (VNĐ/lượng)
2023-06-05,2023,55741185.93968524,55186547.27361872,55463866.606651984,Yahoo Finance – GC=F × USDVND (VNĐ/lượng)
2023-06-06,2023,55930883.587257065,55374357.38240874,55652620.484832905,Yahoo Finance – GC=F × USDVND (VNĐ/lượng)
2023-06-07,2023,55282078.25691382,54732007.826496765,55007043.041705295,Yahoo Finance – GC=F × USDVND (VNĐ/lượng)
2023-06-08,2023,55888712.17505213,55332605.58624564,55610658.88064889,Yahoo Finance – GC=F × USDVND (VNĐ/lượng)
2023-06-12,2023,55628784.5888125,55075264.344147705,55352024.466480106,Yahoo Finance – GC=F × USDVND (VNĐ/lượng)
2023-06-13,2023,55359708.28265736,54808865.414173216,55084286.84841529,Yahoo Finance – GC=F × USDVND (VNĐ/lượng)
2023-06-14,2023,55676168.56205681,55122176.83507118,55399172.69856399,Yahoo Finance – GC=F × USDVND (VNĐ/lượng)
2023-06-15,2023,55806660.4796386,55251370.32561235,55529015.40262548,Yahoo Finance – GC=F × USDVND (VNĐ/lượng)
2023-06-20,2023,55159276.44798817,54610427.92611764,54884852.187052906,Yahoo Finance – GC=F × USDVND (VNĐ/lượng)
2023-06-21,2023,55061442.52569276,54513567.47568587,54787505.00068932,Yahoo Finance – GC=F × USDVND (VNĐ/lượng)
2023-06-22,2023,54497916.28984561,53955648.466066055,54226782.37795583,Yahoo Finance – GC=F × USDVND (VNĐ/lượng)
2023-06-26,2023,54846299.23119133,54300564.91048296,54573432.07083715,Yahoo Finance – GC=F × USDVND (VNĐ/lượng)
2023-06-27,2023,54546553.92479946,54003802.144453205,54275178.034626335,Yahoo Finance – GC=F × USDVND (VNĐ/lượng)
2023-06-28,2023,54579205.86316317,54036129.18790782,54307667.5255355,Yahoo Finance – GC=F × USDVND (VNĐ/lượng)
2023-06-29,2023,54523112.33150904,53980593.80084726,54251853.06617815,Yahoo Finance – GC=F × USDVND (VNĐ/lượng)
2023-07-03,2023,55173477.757405914,54624487.92897402,54898982.84318997,Yahoo Finance – GC=F × USDVND (VNĐ/lượng)
2023-07-05,2023,55229482.92883783,54679935.83501855,54954709.38192819,Yahoo Finance – GC=F × USDVND (VNĐ/lượng)
2023-07-06,2023,54834928.81206687,54289307.62985725,54562118.22096206,Yahoo Finance – GC=F × USDVND (VNĐ/lượng)
2023-07-10,2023,55139938.02948221,54591281.92968637,54865609.97958429,Yahoo Finance – GC=F × USDVND (VNĐ/lượng)
2023-07-11,2023,55437403.32380839,54885787.37033766,55161595.347073026,Yahoo Finance – GC=F × USDVND (VNĐ/lượng)
2023-07-12,2023,56081039.069899924,55523018.78064719,55802028.92527356,Yahoo Finance – GC=F × USDVND (VNĐ/lượng)
2023-07-13,2023,56178913.76216282,55619919.595375136,55899416.67876898,Yahoo Finance – GC=F × USDVND (VNĐ/lượng)
2023-07-17,2023,55901130.86926168,55344900.711358584,55623015.79031014,Yahoo Finance – GC=F × USDVND (VNĐ/lượng)
2023-07-18,2023,56623181.21374243,56059766.475297235,56341473.84451983,Yahoo Finance – GC=F × USDVND (VNĐ/lượng)
2023-07-19,2023,56619793.54212548,56056412.51185558,56338103.02699053,Yahoo Finance – GC=F × USDVND (VNĐ/lượng)
2023-07-20,2023,56396924.635786794,55835761.20657499,56116342.9211809,Yahoo Finance – GC=F × USDVND (VNĐ/lượng)
2023-07-24,2023,56210458.4196254,55651150.375649035,55930804.39763722,Yahoo Finance – GC=F × USDVND (VNĐ/lượng)
2023-07-25,2023,56238295.88763858,55678710.85393074,55958503.37078466,Yahoo Finance – GC=F × USDVND (VNĐ/lượng)
2023-07-26,2023,56457057.69424773,55895295.92614576,56176176.81019675,Yahoo Finance – GC=F × USDVND (VNĐ/lượng)
2023-07-27,2023,55773780.11423486,55218817.128023565,55496298.621129215,Yahoo Finance – GC=F × USDVND (VNĐ/lượng)
2023-07-31,2023,56538750.30141302,55976175.67154822,56257462.98648062,Yahoo Finance – GC=F × USDVND (VNĐ/lượng)
2023-08-01,2023,55683709.692601405,55129642.92949095,55406676.31104618,Yahoo Finance – GC=F × USDVND (VNĐ/lượng)
2023-08-02,2023,55718139.26973465,55163729.92376714,55440934.5967509,Yahoo Finance – GC=F × USDVND (VNĐ/lượng)
2023-08-03,2023,55597953.204623275,55044739.73990066,55321346.47226197,Yahoo Finance – GC=F × USDVND (VNĐ/lượng)
2023-08-07,2023,55570835.79822206,55017892.15843876,55294363.97833041,Yahoo Finance – GC=F × USDVND (VNĐ/lượng)
2023-08-08,2023,55323983.09204459,54773495.698093906,55048739.39506925,Yahoo Finance – GC=F × USDVND (VNĐ/lượng)
2023-08-09,2023,55085436.1374505,54537322.345038064,54811379.24124429,Yahoo Finance – GC=F × USDVND (VNĐ/lượng)
2023-08-10,2023,55068275.10869491,54520332.0727875,54794303.59074121,Yahoo Finance – GC=F × USDVND (VNĐ/lượng)
2023-08-14,2023,55132593.33033902,54584010.312126696,54858301.82123286,Yahoo Finance – GC=F × USDVND (VNĐ/lượng)
2023-08-15,2023,55244642.35837606,54694944.42446188,54969793.39141897,Yahoo Finance – GC=F × USDVND (VNĐ/lượng)
2023-08-16,2023,54989874.95003897,54442712.01521272,54716293.48262585,Yahoo Finance – GC=F × USDVND (VNĐ/lượng)
2023-08-17,2023,54447807.32853204,53906038.10138247,54176922.71495726,Yahoo Finance – GC=F × USDVND (VNĐ/lượng)
2023-08-21,2023,54713676.349173166,54169261.659131646,54441469.00415241,Yahoo Finance – GC=F × USDVND (VNĐ/lượng)
2023-08-22,2023,54803261.23087446,54257955.14897521,54530608.189924836,Yahoo Finance – GC=F × USDVND (VNĐ/lượng)
2023-08-23,2023,55558149.50487887,55005332.09687013,55281740.8008745,Yahoo Finance – GC=F × USDVND (VNĐ/lượng)
2023-08-24,2023,55549460.34269397,54996729.394010454,55273094.86835221,Yahoo Finance – GC=F × USDVND (VNĐ/lượng)
2023-08-28,2023,55959073.437270015,55402266.73640166,55680670.08683584,Yahoo Finance – GC=F × USDVND (VNĐ/lượng)
2023-08-29,2023,56736411.718134604,56171870.30800392,56454141.013069265,Yahoo Finance – GC=F × USDVND (VNĐ/lượng)
2023-08-30,2023,56800029.99839124,56234855.57054656,56517442.784468904,Yahoo Finance – GC=F × USDVND (VNĐ/lượng)
2023-08-31,2023,56504400.16315039,55942167.32570612,56223283.744428255,Yahoo Finance – GC=F × USDVND (VNĐ/lượng)
2023-09-05,2023,56131224.42387354,55572704.77786485,55851964.60086919,Yahoo Finance – GC=F × USDVND (VNĐ/lượng)
2023-09-06,2023,55906804.36359653,55350517.753013484,55628661.05830501,Yahoo Finance – GC=F × USDVND (VNĐ/lượng)
2023-09-07,2023,55900933.87802015,55344705.68022891,55622819.779124536,Yahoo Finance – GC=F × USDVND (VNĐ/lượng)
2023-09-11,2023,56104979.24540019,55546720.74544596,55825849.99542308,Yahoo Finance – GC=F × USDVND (VNĐ/lượng)
2023-09-12,2023,55812821.90827592,55257470.44650204,55535146.17738898,Yahoo Finance – GC=F × USDVND (VNĐ/lượng)
2023-09-13,2023,55702312.098119885,55148060.23644706,55425186.167283475,Yahoo Finance – GC=F × USDVND (VNĐ/lượng)
2023-09-14,2023,56052575.67476329,55494838.60337262,55773707.139067955,Yahoo Finance – GC=F × USDVND (VNĐ/lượng)
2023-09-18,2023,57034588.07891395,56467079.73982029,56750833.90936712,Yahoo Finance – GC=F × USDVND (VNĐ/lượng)
2023-09-19,2023,57049352.40407028,56481697.1562686,56765524.78016944,Yahoo Finance – GC=F × USDVND (VNĐ/lượng)
2023-09-20,2023,57215196.8000081,56645891.359212,56930544.07961006,Yahoo Finance – GC=F × USDVND (VNĐ/lượng)
2023-09-21,2023,56531856.825260684,55969350.787198395,56250603.80622954,Yahoo Finance – GC=F × USDVND (VNĐ/lượng)
2023-09-25,2023,56617833.533777244,56054472.006077975,56336152.76992761,Yahoo Finance – GC=F × USDVND (VNĐ/lượng)
2023-09-26,2023,56139274.54891442,55580674.802159056,55859974.67553674,Yahoo Finance – GC=F × USDVND (VNĐ/lượng)
2023-09-27,2023,55299837.91818413,54749590.77471962,55024714.34645188,Yahoo Finance – GC=F × USDVND (VNĐ/lượng)
2023-09-28,2023,54968914.915098295,54421960.53783364,54695437.72646597,Yahoo Finance – GC=F × USDVND (VNĐ/lượng)
2023-10-02,2023,53970908.82055073,53433884.85218705,53702396.836368896,Yahoo Finance – GC=F × USDVND (VNĐ/lượng)
2023-10-03,2023,53911137.11883678,53374707.893773735,53642922.50630526,Yahoo Finance – GC=F × USDVND (VNĐ/lượng)
2023-10-04,2023,53808022.63008986,53272619.41984022,53540321.02496504,Yahoo Finance – GC=F × USDVND (VNĐ/lượng)
2023-10-05,2023,53663756.82215315,53129789.09257949,53396772.957366325,Yahoo Finance – GC=F × USDVND (VNĐ/lượng)
2023-10-09,2023,54613238.75327535,54069823.442297496,54341531.09778643,Yahoo Finance – GC=F × USDVND (VNĐ/lượng)
2023-10-10,2023,54997916.974777766,54450674.01980486,54724295.49729131,Yahoo Finance – GC=F × USDVND (VNĐ/lượng)
2023-10-11,2023,55460104.1996795,54908262.366846874,55184183.28326319,Yahoo Finance – GC=F × USDVND (VNĐ/lượng)
2023-10-12,2023,55345132.09114023,54794434.2593876,55069783.17526392,Yahoo Finance – GC=F × USDVND (VNĐ/lượng)
2023-10-16,2023,56936987.71421969,56370450.52303343,56653719.118626565,Yahoo Finance – GC=F × USDVND (VNĐ/lượng)
2023-10-17,2023,57054298.24604169,56486593.785882086,56770446.01596189,Yahoo Finance – GC=F × USDVND (VNĐ/lượng)
2023-10-18,2023,58175673.15069383,57596810.73128395,57886241.94098889,Yahoo Finance – GC=F × USDVND (VNĐ/lượng)
2023-10-19,2023,58553508.89252261,57970886.913492545,58262197.90300758,Yahoo Finance – GC=F × USDVND (VNĐ/lượng)
2023-10-23,2023,58884294.723689064,58298381.34335386,58591338.033521466,Yahoo Finance – GC=F × USDVND (VNĐ/lượng)
2023-10-24,2023,58749836.734611854,58165261.24471522,58457548.98966354,Yahoo Finance – GC=F × USDVND (VNĐ/lượng)
2023-10-25,2023,59044572.4083213,58457064.22515392,58750818.316737615,Yahoo Finance – GC=F × USDVND (VNĐ/lượng)
2023-10-26,2023,59242769.627967075,58653289.333161436,58948029.48056426,Yahoo Finance – GC=F × USDVND (VNĐ/lượng)
2023-10-30,2023,59428841.56641668,58837509.80953692,59133175.6879768,Yahoo Finance – GC=F × USDVND (VNĐ/lượng)
2023-10-31,2023,59072495.5827519,58484709.55705289,58778602.5699024,Yahoo Finance – GC=F × USDVND (VNĐ/lượng)
2023-11-01,2023,58886852.579148866,58300913.747515544,58593883.16333221,Yahoo Finance – GC=F × USDVND (VNĐ/lượng)
2023-11-02,2023,59149358.524899736,58560807.69380621,58855083.109352976,Yahoo Finance – GC=F × USDVND (VNĐ/lượng)
2023-11-03,2023,59288919.38407253,58698979.8877136,58993949.63589307,Yahoo Finance – GC=F × USDVND (VNĐ/lượng)
2023-11-06,2023,58874132.603694946,58288320.33898157,58581226.47133826,Yahoo Finance – GC=F × USDVND (VNĐ/lượng)
2023-11-07,2023,57993541.22225825,57416491.06084275,57705016.1415505,Yahoo Finance – GC=F × USDVND (VNĐ/lượng)
2023-11-08,2023,57483285.432105705,56911312.44273152,57197298.93741862,Yahoo Finance – GC=F × USDVND (VNĐ/lượng)
2023-11-09,2023,58000173.50230949,57423057.34805766,57711615.42518358,Yahoo Finance – GC=F × USDVND (VNĐ/lượng)
2023-11-10,2023,56996818.07046296,56429685.552348904,56713251.811405934,Yahoo Finance – GC=F × USDVND (VNĐ/lượng)
2023-11-13,2023,57318336.35583616,56748004.65080297,57033170.50331957,Yahoo Finance – GC=F × USDVND (VNĐ/lượng)
2023-11-14,2023,57955455.44564628,57378784.247182146,57667119.846414216,Yahoo Finance – GC=F × USDVND (VNĐ/lượng)
2023-11-15,2023,57893356.84477698,57317303.5428389,57605330.193807945,Yahoo Finance – GC=F × USDVND (VNĐ/lượng)
2023-11-16,2023,58379966.45017987,57799071.261620864,58089518.85590037,Yahoo Finance – GC=F × USDVND (VNĐ/lượng)
2023-11-17,2023,58317085.3457807,57736815.839852534,58026950.59281662,Yahoo Finance – GC=F × USDVND (VNĐ/lượng)
2023-11-20,2023,58111249.45946303,57533028.07180669,57822138.765634865,Yahoo Finance – GC=F × USDVND (VNĐ/lượng)
2023-11-21,2023,58552129.49235214,57969521.2386969,58260825.36552452,Yahoo Finance – GC=F × USDVND (VNĐ/lượng)
2023-11-22,2023,58224249.283107474,57644903.51909646,57934576.40110197,Yahoo Finance – GC=F × USDVND (VNĐ/lượng)
2023-11-24,2023,58806878.7883457,58221735.71582486,58514307.25208528,Yahoo Finance – GC=F × USDVND (VNĐ/lượng)
2023-11-27,2023,59137597.694584005,58549163.8866777,58843380.790630855,Yahoo Finance – GC=F × USDVND (VNĐ/lượng)
2023-11-28,2023,59883581.58966716,59287725.05643664,59585653.3230519,Yahoo Finance – GC=F × USDVND (VNĐ/lượng)
2023-11-29,2023,60125643.32620622,59527378.218482785,59826510.77234451,Yahoo Finance – GC=F × USDVND (VNĐ/lượng)
2023-11-30,2023,59910693.65355195,59314567.34854149,59612630.501046725,Yahoo Finance – GC=F × USDVND (VNĐ/lượng)
2023-12-01,2023,60852707.99508094,60247208.41304034,60549958.204060644,Yahoo Finance – GC=F × USDVND (VNĐ/lượng)
2023-12-04,2023,59523684.15874587,58931408.69447975,59227546.42661281,Yahoo Finance – GC=F × USDVND (VNĐ/lượng)
2023-12-05,2023,59310087.43991834,58719937.31613807,59015012.37802821,Yahoo Finance – GC=F × USDVND (VNĐ/lượng)
2023-12-06,2023,59702051.49541049,59108001.23177457,59405026.36359253,Yahoo Finance – GC=F × USDVND (VNĐ/lượng)
2023-12-07,2023,59704087.35181341,59110016.83089985,59407052.091356635,Yahoo Finance – GC=F × USDVND (VNĐ/lượng)
2023-12-08,2023,58777079.77445775,58192233.20953778,58484656.49199777,Yahoo Finance – GC=F × USDVND (VNĐ/lượng)
2023-12-11,2023,58048164.7563779,57470571.077209964,57759367.916793935,Yahoo Finance – GC=F × USDVND (VNĐ/lượng)
2023-12-12,2023,58114190.65378789,57535940.00051637,57825065.32715213,Yahoo Finance – GC=F × USDVND (VNĐ/lượng)
2023-12-13,2023,58270434.41312051,57690629.095577024,57980531.75434877,Yahoo Finance – GC=F × USDVND (VNĐ/lượng)
2023-12-14,2023,59725208.66330291,59130927.98008598,59428068.32169445,Yahoo Finance – GC=F × USDVND (VNĐ/lượng)
2023-12-15,2023,59374238.53339028,58783450.09027197,59078844.31183113,Yahoo Finance – GC=F × USDVND (VNĐ/lượng)
2023-12-18,2023,59563830.49394742,58971155.56365939,59267493.02880341,Yahoo Finance – GC=F × USDVND (VNĐ/lượng)
2023-12-19,2023,60141803.73284538,59543377.825055875,59842590.77895063,Yahoo Finance – GC=F × USDVND (VNĐ/lượng)
2023-12-20,2023,60026735.787371196,59429454.83426303,59728095.310817115,Yahoo Finance – GC=F × USDVND (VNĐ/lượng)
2023-12-21,2023,60125394.32308246,59527131.693002045,59826263.00804225,Yahoo Finance – GC=F × USDVND (VNĐ/lượng)
2023-12-22,2023,60618762.0527533,60015590.29103436,60317176.171893835,Yahoo Finance – GC=F × USDVND (VNĐ/lượng)
2023-12-26,2023,60426723.3683255,59825462.43928745,60126092.90380648,Yahoo Finance – GC=F × USDVND (VNĐ/lượng)
2023-12-27,2023,61362177.32747232,60751608.39884076,61056892.86315654,Yahoo Finance – GC=F × USDVND (VNĐ/lượng)
2023-12-28,2023,61176642.40540219,60567919.595398195,60872281.00040019,Yahoo Finance – GC=F × USDVND (VNĐ/lượng)
2023-12-29,2023,60562524.64529789,59959912.45977254,60261218.55253522,Yahoo Finance – GC=F × USDVND (VNĐ/lượng)
2024-01-02,2024,60683789.61251989,60079970.81040528,60381880.21146259,Yahoo Finance – GC=F × USDVND (VNĐ/lượng)
2024-01-03,2024,59956263.01861182,59359683.28708335,59657973.15284759,Yahoo Finance – GC=F × USDVND (VNĐ/lượng)
2024-01-04,2024,60306363.97538594,59706300.65224778,60006332.31381686,Yahoo Finance – GC=F × USDVND (VNĐ/lượng)
2024-01-05,2024,60284568.759585164,59684722.30426592,59984645.531925544,Yahoo Finance – GC=F × USDVND (VNĐ/lượng)
2024-01-08,2024,59842762.002734154,59247311.63454775,59545036.818640955,Yahoo Finance – GC=F × USDVND (VNĐ/lượng)
2024-01-09,2024,59738643.75025814,59144229.384583935,59441436.56742104,Yahoo Finance – GC=F × USDVND (VNĐ/lượng)
2024-01-10,2024,59673574.35409152,59079807.445095584,59376690.899593554,Yahoo Finance – GC=F × USDVND (VNĐ/lượng)
2024-01-11,2024,59564985.83974711,58972299.413480975,59268642.62661404,Yahoo Finance – GC=F × USDVND (VNĐ/lượng)
2024-01-12,2024,60696681.49660363,60092734.417035446,60394707.95681954,Yahoo Finance – GC=F × USDVND (VNĐ/lượng)
2024-01-16,2024,60070531.97389361,59472815.237834975,59771673.605864294,Yahoo Finance – GC=F × USDVND (VNĐ/lượng)
2024-01-17,2024,59449520.83229951,58857983.31158012,59153752.07193982,Yahoo Finance – GC=F × USDVND (VNĐ/lượng)
2024-01-18,2024,59924499.532445796,59328235.85550605,59626367.693975925,Yahoo Finance – GC=F × USDVND (VNĐ/lượng)
2024-01-19,2024,60269517.15140579,59669820.4633321,59969668.80736895,Yahoo Finance – GC=F × USDVND (VNĐ/lượng)
2024-01-22,2024,60058019.19104771,59460426.96029102,59759223.07566937,Yahoo Finance – GC=F × USDVND (VNĐ/lượng)
2024-01-23,2024,60198502.1423745,59599512.0713061,59899007.106840305,Yahoo Finance – GC=F × USDVND (VNĐ/lượng)
2024-01-24,2024,59943589.19040071,59347135.56661564,59645362.37850818,Yahoo Finance – GC=F × USDVND (VNĐ/lượng)
2024-01-25,2024,60118418.30934083,59520225.09233247,59819321.70083665,Yahoo Finance – GC=F × USDVND (VNĐ/lượng)
2024-01-26,2024,60127656.88840053,59529371.74523237,59828514.31681646,Yahoo Finance – GC=F × USDVND (VNĐ/lượng)
2024-01-29,2024,60353547.54657951,59753014.73517076,60053281.14087514,Yahoo Finance – GC=F × USDVND (VNĐ/lượng)
2024-01-30,2024,60381297.693587534,59780488.761313036,60080893.22745029,Yahoo Finance – GC=F × USDVND (VNĐ/lượng)
2024-01-31,2024,60548534.564957514,59946061.58421167,60247298.074584596,Yahoo Finance – GC=F × USDVND (VNĐ/lượng)
2024-02-01,2024,60734260.18173196,60129939.18489881,60432099.68331539,Yahoo Finance – GC=F × USDVND (VNĐ/lượng)
2024-02-02,2024,60197297.25109516,59598319.16899472,59897808.21004494,Yahoo Finance – GC=F × USDVND (VNĐ/lượng)
2024-02-05,2024,59730277.96710147,59135946.84305071,59433112.405076094,Yahoo Finance – GC=F × USDVND (VNĐ/lượng)
2024-02-06,2024,60076039.06111852,59478267.528172076,59777153.2946453,Yahoo Finance – GC=F × USDVND (VNĐ/lượng)
2024-02-07,2024,60059717.49744198,59462108.3681142,59760912.93277809,Yahoo Finance – GC=F × USDVND (VNĐ/lượng)
2024-02-08,2024,60081993.02647216,59484162.25008936,59783077.638280764,Yahoo Finance – GC=F × USDVND (VNĐ/lượng)
2024-02-09,2024,59818867.407241076,59223654.79622375,59521261.10173242,Yahoo Finance – GC=F × USDVND (VNĐ/lượng)
2024-02-12,2024,59668083.01634468,59074370.74752534,59371226.881935015,Yahoo Finance – GC=F × USDVND (VNĐ/lượng)
2024-02-13,2024,58920090.66344822,58333821.10460795,58626955.884028085,Yahoo Finance – GC=F × USDVND (VNĐ/lượng)
2024-02-14,2024,58843222.38336916,58257717.68303714,58550470.033203155,Yahoo Finance – GC=F × USDVND (VNĐ/lượng)
2024-02-15,2024,59192087.22649986,58603111.23419639,58897599.230348125,Yahoo Finance – GC=F × USDVND (VNĐ/lượng)
2024-02-16,2024,59591863.70705869,58998909.83932677,59295386.77319273,Yahoo Finance – GC=F × USDVND (VNĐ/lượng)
2024-02-20,2024,60262407.61690806,59662781.67047117,59962594.64368962,Yahoo Finance – GC=F × USDVND (VNĐ/lượng)
2024-02-21,2024,60095600.06228878,59497633.892514765,59796616.97740178,Yahoo Finance – GC=F × USDVND (VNĐ/lượng)
2024-02-22,2024,60018334.36229366,59421137.00545492,59719735.683874294,Yahoo Finance – GC=F × USDVND (VNĐ/lượng)
2024-02-23,2024,60740534.746881165,60136151.31656395,60438343.03172256,Yahoo Finance – GC=F × USDVND (VNĐ/lượng)
2024-02-26,2024,60537919.496600054,59935552.13842493,60236735.8175125,Yahoo Finance – GC=F × USDVND (VNĐ/lượng)
2024-02-27,2024,60775996.5116466,60171260.22794863,60473628.36979762,Yahoo Finance – GC=F × USDVND (VNĐ/lượng)
2024-02-28,2024,60659899.3581912,60056318.270050004,60358108.814120606,Yahoo Finance – GC=F × USDVND (VNĐ/lượng)
2024-02-29,2024,61026442.11484337,60419213.835093684,60722827.97496853,Yahoo Finance – GC=F × USDVND (VNĐ/lượng)
2024-03-01,2024,62306074.471183404,61686113.53117164,61996094.00117753,Yahoo Finance – GC=F × USDVND (VNĐ/lượng)
2024-03-04,2024,63225634.692469545,62596523.89950965,62911079.2959896,Yahoo Finance – GC=F × USDVND (VNĐ/lượng)
2024-03-05,2024,63790422.17515713,63155691.6062501,63473056.89070362,Yahoo Finance – GC=F × USDVND (VNĐ/lượng)
2024-03-06,2024,64329210.6353717,63689118.98725856,64009164.811315134,Yahoo Finance – GC=F × USDVND (VNĐ/lượng)
2024-03-07,2024,64494195.20713103,63852461.921487935,64173328.564309485,Yahoo Finance – GC=F × USDVND (VNĐ/lượng)
2024-03-08,2024,65149448.20784682,64501194.99184836,64825321.59984759,Yahoo Finance – GC=F × USDVND (VNĐ/lượng)
2024-03-11,2024,65160292.250068314,64511931.13315222,64836111.69161027,Yahoo Finance – GC=F × USDVND (VNĐ/lượng)
2024-03-12,2024,64487387.495229,63845721.9480128,64166554.7216209,Yahoo Finance – GC=F × USDVND (VNĐ/lượng)
2024-03-13,2024,64961492.57265423,64315109.56198106,64638301.06731765,Yahoo Finance – GC=F × USDVND (VNĐ/lượng)
2024-03-14,2024,64669834.333354756,64026353.39471442,64348093.86403459,Yahoo Finance – GC=F × USDVND (VNĐ/lượng)
2024-03-15,2024,64538625.3515612,63896449.97492876,64217537.663244985,Yahoo Finance – GC=F × USDVND (VNĐ/lượng)
2024-03-18,2024,64718880.48001061,64074911.5200105,64396896.00001056,Yahoo Finance – GC=F × USDVND (VNĐ/lượng)
2024-03-19,2024,64574027.62388603,63931499.985837415,64252763.804861724,Yahoo Finance – GC=F × USDVND (VNĐ/lượng)
2024-03-20,2024,64687305.048351824,64043650.27175132,64365477.66005158,Yahoo Finance – GC=F × USDVND (VNĐ/lượng)
2024-03-21,2024,65514293.85174004,64862410.33082721,65188352.09128363,Yahoo Finance – GC=F × USDVND (VNĐ/lượng)
2024-03-22,2024,64810978.03504293,64166092.68146042,64488535.358251676,Yahoo Finance – GC=F × USDVND (VNĐ/lượng)
2024-03-25,2024,65267704.81708876,64618274.91841127,64942989.86775002,Yahoo Finance – GC=F × USDVND (VNĐ/lượng)
2024-03-26,2024,65217903.30842474,64568968.947146885,64893436.12778582,Yahoo Finance – GC=F × USDVND (VNĐ/lượng)
2024-03-27,2024,65747187.102384016,65092986.23569364,65420086.66903883,Yahoo Finance – GC=F × USDVND (VNĐ/lượng)
2024-03-28,2024,66591839.9808154,65929234.60787198,66260537.294343695,Yahoo Finance – GC=F × USDVND (VNĐ/lượng)
2024-04-01,2024,67192543.75010046,66523961.22522385,66858252.48766216,Yahoo Finance – GC=F × USDVND (VNĐ/lượng)
2024-04-02,2024,68216271.2797595,67537502.41130419,67876886.84553185,Yahoo Finance – GC=F × USDVND (VNĐ/lượng)
2024-04-03,2024,69501982.34891579,68810420.33549374,69156201.34220476,Yahoo Finance – GC=F × USDVND (VNĐ/lượng)
2024-04-04,2024,69152087.42217548,68464006.95031305,68808047.18624426,Yahoo Finance – GC=F × USDVND (VNĐ/lượng)
2024-04-08,2024,70518864.76018323,69817184.51381326,70168024.63699825,Yahoo Finance – GC=F × USDVND (VNĐ/lượng)
2024-04-09,2024,70833146.43548957,70128339.00827077,70480742.72188017,Yahoo Finance – GC=F × USDVND (VNĐ/lượng)
2024-04-10,2024,70384789.48579004,69684443.32175234,70034616.40377119,Yahoo Finance – GC=F × USDVND (VNĐ/lượng)
2024-04-11,2024,71274558.82677014,70565359.23645402,70919959.03161208,Yahoo Finance – GC=F × USDVND (VNĐ/lượng)
2024-04-15,2024,72180823.04520349,71462605.9004751,71821714.4728393,Yahoo Finance – GC=F × USDVND (VNĐ/lượng)
2024-04-16,2024,73233264.37605117,72504575.17827952,72868919.77716535,Yahoo Finance – GC=F × USDVND (VNĐ/lượng)
2024-04-17,2024,72993053.0168202,72266753.98182698,72629903.49932359,Yahoo Finance – GC=F × USDVND (VNĐ/lượng)
2024-04-18,2024,73319288.84181307,72589743.67920798,72954516.26051053,Yahoo Finance – GC=F × USDVND (VNĐ/lượng)
2024-04-22,2024,71932797.56200927,71217048.33253655,71574922.94727291,Yahoo Finance – GC=F × USDVND (VNĐ/lượng)
2024-04-23,2024,71751696.18162131,71037748.95593354,71394722.56877743,Yahoo Finance – GC=F × USDVND (VNĐ/lượng)
2024-04-24,2024,71554477.92752422,70842493.072524,71198485.50002411,Yahoo Finance – GC=F × USDVND (VNĐ/lượng)
2024-04-25,2024,71562364.43726018,70850301.10952626,71206332.77339323,Yahoo Finance – GC=F × USDVND (VNĐ/lượng)
2024-04-29,2024,71984693.55217141,71268427.94468713,71626560.74842927,Yahoo Finance – GC=F × USDVND (VNĐ/lượng)
2024-04-30,2024,70327332.92555381,69627558.46858314,69977445.69706848,Yahoo Finance – GC=F × USDVND (VNĐ/lượng)
2024-05-01,2024,70588213.76492882,69885843.47871062,70237028.62181972,Yahoo Finance – GC=F × USDVND (VNĐ/lượng)
2024-05-02,2024,70733884.68426605,70030064.9361639,70381974.81021498,Yahoo Finance – GC=F × USDVND (VNĐ/lượng)
2024-05-06,2024,71366754.6858795,70656637.72383095,71011696.20485523,Yahoo Finance – GC=F × USDVND (VNĐ/lượng)
2024-05-07,2024,71254170.53574894,70545173.8140002,70899672.17487457,Yahoo Finance – GC=F × USDVND (VNĐ/lượng)
2024-05-08,2024,71275015.9491593,70565811.8103617,70920413.8797605,Yahoo Finance – GC=F × USDVND (VNĐ/lượng)
2024-05-09,2024,71887331.34952281,71172034.52017434,71529682.93484858,Yahoo Finance – GC=F × USDVND (VNĐ/lượng)
2024-05-13,2024,72047429.82852343,71330539.9794834,71688984.90400341,Yahoo Finance – GC=F × USDVND (VNĐ/lượng)
2024-05-14,2024,72572416.67202447,71850303.07329787,72211359.87266117,Yahoo Finance – GC=F × USDVND (VNĐ/lượng)
2024-05-15,2024,73646501.93168318,72913700.91743758,73280101.42456038,Yahoo Finance – GC=F × USDVND (VNĐ/lượng)
2024-05-16,2024,73337898.74933688,72608168.4135226,72973033.58142975,Yahoo Finance – GC=F × USDVND (VNĐ/lượng)
2024-05-20,2024,75060714.72988416,74313841.94650224,74687278.33819321,Yahoo Finance – GC=F × USDVND (VNĐ/lượng)
2024-05-21,2024,74710880.97288615,73967489.12240967,74339185.04764791,Yahoo Finance – GC=F × USDVND (VNĐ/lượng)
2024-05-22,2024,73716921.52140093,72983419.81472033,73350170.66806063,Yahoo Finance – GC=F × USDVND (VNĐ/lượng)
2024-05-23,2024,72058770.20471974,71341767.51611556,71700268.86041765,Yahoo Finance – GC=F × USDVND (VNĐ/lượng)
2024-05-28,2024,72622217.7558904,71899608.623991,72260913.1899407,Yahoo Finance – GC=F × USDVND (VNĐ/lượng)
2024-05-29,2024,72168453.01640789,71450358.95654315,71809405.98647553,Yahoo Finance – GC=F × USDVND (VNĐ/lượng)
2024-05-30,2024,72248625.38848723,71529733.59357692,71889179.49103208,Yahoo Finance – GC=F × USDVND (VNĐ/lượng)
2024-06-03,2024,72311549.36584112,71592031.4617034,71951790.41377227,Yahoo Finance – GC=F × USDVND (VNĐ/lượng)
2024-06-04,2024,71599349.48036395,70886918.14225088,71243133.81130742,Yahoo Finance – GC=F × USDVND (VNĐ/lượng)
2024-06-05,2024,72494174.19081847,71772839.12424317,72133506.65753083,Yahoo Finance – GC=F × USDVND (VNĐ/lượng)
2024-06-06,2024,73007409.58905387,72280967.70259564,72644188.64582476,Yahoo Finance – GC=F × USDVND (VNĐ/lượng)
2024-06-10,2024,71065288.34817027,70358171.05117355,70711729.69967191,Yahoo Finance – GC=F × USDVND (VNĐ/lượng)
2024-06-11,2024,71115049.92906745,70407437.49196231,70761243.71051489,Yahoo Finance – GC=F × USDVND (VNĐ/lượng)
2024-06-12,2024,71993393.99102995,71277041.81201473,71635217.90152234,Yahoo Finance – GC=F × USDVND (VNĐ/lượng)
2024-06-13,2024,70890069.06800713,70184695.24643493,70537382.15722103,Yahoo Finance – GC=F × USDVND (VNĐ/lượng)
2024-06-17,2024,71238041.56446455,70529205.32999228,70883623.44722842,Yahoo Finance – GC=F × USDVND (VNĐ/lượng)
2024-06-18,2024,71849041.07581832,71134125.24421814,71491583.16001824,Yahoo Finance – GC=F × USDVND (VNĐ/lượng)
2024-06-20,2024,72584756.09524149,71862519.71618436,72223637.90571293,Yahoo Finance – GC=F × USDVND (VNĐ/lượng)
2024-06-24,2024,71864943.75632967,71149869.68910252,71507406.7227161,Yahoo Finance – GC=F × USDVND (VNĐ/lượng)
2024-06-25,2024,71451646.23346534,70740684.57940102,71096165.40643318,Yahoo Finance – GC=F × USDVND (VNĐ/lượng)
2024-06-26,2024,70942826.84067881,70236928.0661447,70589877.45341176,Yahoo Finance – GC=F × USDVND (VNĐ/lượng)
2024-06-27,2024,71695305.47707653,70981919.35292652,71338612.41500153,Yahoo Finance – GC=F × USDVND (VNĐ/lượng)
2024-07-01,2024,71776821.25537919,71062624.02895752,71419722.64216836,Yahoo Finance – GC=F × USDVND (VNĐ/lượng)
2024-07-02,2024,71634966.82447313,70922181.08492614,71278573.95469964,Yahoo Finance – GC=F × USDVND (VNĐ/lượng)
2024-07-03,2024,72769779.68583418,72045702.2760249,72407740.98092954,Yahoo Finance – GC=F × USDVND (VNĐ/lượng)
2024-07-08,2024,72528044.0217681,71806371.94194952,72167207.9818588,Yahoo Finance – GC=F × USDVND (VNĐ/lượng)
2024-07-09,2024,72673223.95467588,71950107.29841046,72311665.62654318,Yahoo Finance – GC=F × USDVND (VNĐ/lượng)
2024-07-10,2024,73051556.57863468,72324675.41864827,72688115.99864148,Yahoo Finance – GC=F × USDVND (VNĐ/lượng)
2024-07-11,2024,74384208.97165914,73644067.58885656,74014138.28025785,Yahoo Finance – GC=F × USDVND (VNĐ/lượng)
2024-07-15,2024,74451386.37659913,73710576.5619066,74080981.46925287,Yahoo Finance – GC=F × USDVND (VNĐ/lượng)
2024-07-16,2024,75709905.44824038,74956573.05572058,75333239.25198048,Yahoo Finance – GC=F × USDVND (VNĐ/lượng)
2024-07-17,2024,75297771.41511132,74548539.85874206,74923155.6369267,Yahoo Finance – GC=F × USDVND (VNĐ/lượng)
2024-07-18,2024,75190896.36056116,74442728.23757051,74816812.29906584,Yahoo Finance – GC=F × USDVND (VNĐ/lượng)
2024-07-22,2024,73400445.68939187,72670092.9959651,73035269.34267849,Yahoo Finance – GC=F × USDVND (VNĐ/lượng)
2024-07-23,2024,73845361.96385433,73110582.24282096,73477972.10333765,Yahoo Finance – GC=F × USDVND (VNĐ/lượng)
2024-07-24,2024,74127158.54202332,73389574.87493852,73758366.70848092,Yahoo Finance – GC=F × USDVND (VNĐ/lượng)
2024-07-25,2024,72055951.87348151,71338977.22797424,71697464.55072787,Yahoo Finance – GC=F × USDVND (VNĐ/lượng)
2024-07-29,2024,72805339.46477267,72080908.22631723,72443123.84554495,Yahoo Finance – GC=F × USDVND (VNĐ/lượng)
2024-07-30,2024,73653656.59210378,72920784.38720722,73287220.48965551,Yahoo Finance – GC=F × USDVND (VNĐ/lượng)
2024-07-31,2024,74194493.14888196,73456239.48570901,73825366.31729549,Yahoo Finance – GC=F × USDVND (VNĐ/lượng)
2024-08-01,2024,74395386.72295721,73655134.1187487,74025260.42085296,Yahoo Finance – GC=F × USDVND (VNĐ/lượng)
2024-08-05,2024,72985123.7994931,72258903.66218473,72622013.73083892,Yahoo Finance – GC=F × USDVND (VNĐ/lượng)
2024-08-06,2024,72746968.84760405,72023118.4113095,72385043.62945677,Yahoo Finance – GC=F × USDVND (VNĐ/lượng)
2024-08-07,2024,72862008.25972158,72137013.15265968,72499510.70619063,Yahoo Finance – GC=F × USDVND (VNĐ/lượng)
2024-08-08,2024,73769518.40416104,73035493.34541318,73402505.8747871,Yahoo Finance – GC=F × USDVND (VNĐ/lượng)
2024-08-12,2024,74949076.84176545,74203314.88314092,74576195.86245319,Yahoo Finance – GC=F × USDVND (VNĐ/lượng)
2024-08-13,2024,75065014.93407097,74318099.36258769,74691557.14832933,Yahoo Finance – GC=F × USDVND (VNĐ/lượng)
2024-08-14,2024,73953439.10382734,73217583.98836638,73585511.54609686,Yahoo Finance – GC=F × USDVND (VNĐ/lượng)
2024-08-15,2024,74413363.14588591,73672931.6717975,74043147.40884171,Yahoo Finance – GC=F × USDVND (VNĐ/lượng)
2024-08-19,2024,75663294.1608385,74910425.5622232,75286859.86153086,Yahoo Finance – GC=F × USDVND (VNĐ/lượng)
2024-08-20,2024,75813677.62486798,75059312.67337675,75436495.14912237,Yahoo Finance – GC=F × USDVND (VNĐ/lượng)
2024-08-21,2024,75771715.739294,75017768.31900254,75394742.02914828,Yahoo Finance – GC=F × USDVND (VNĐ/lượng)
2024-08-22,2024,74970712.62516177,74224735.38511041,74597724.00513609,Yahoo Finance – GC=F × USDVND (VNĐ/lượng)
2024-08-26,2024,75839098.76307748,75084480.86493741,75461789.81400745,Yahoo Finance – GC=F × USDVND (VNĐ/lượng)
2024-08-27,2024,75665948.68744674,74913053.67563136,75289501.18153906,Yahoo Finance – GC=F × USDVND (VNĐ/lượng)
2024-08-28,2024,75320904.53043869,74571442.79381742,74946173.66212806,Yahoo Finance – GC=F × USDVND (VNĐ/lượng)
2024-08-29,2024,76110681.1627784,75353360.9522035,75732021.05749096,Yahoo Finance – GC=F × USDVND (VNĐ/lượng)
2024-09-03,2024,75001695.30373625,74255409.77832595,74628552.5410311,Yahoo Finance – GC=F × USDVND (VNĐ/lượng)
2024-09-04,2024,75082953.98216291,74335859.91268866,74709406.94742578,Yahoo Finance – GC=F × USDVND (VNĐ/lượng)
2024-09-05,2024,75253734.52692512,74504941.14854775,74879337.83773644,Yahoo Finance – GC=F × USDVND (VNĐ/lượng)
2024-09-09,2024,74814507.20711114,74070084.24982646,74442295.7284688,Yahoo Finance – GC=F × USDVND (VNĐ/lượng)
2024-09-10,2024,75067619.96253082,74320678.47036634,74694149.21644859,Yahoo Finance – GC=F × USDVND (VNĐ/lượng)
2024-09-11,2024,74726820.55610491,73983270.10281034,74355045.32945763,Yahoo Finance – GC=F × USDVND (VNĐ/lượng)
2024-09-12,2024,75967195.20397513,75211302.71438333,75589248.95917924,Yahoo Finance – GC=F × USDVND (VNĐ/lượng)
2024-09-16,2024,76695985.5633385,75932841.42837992,76314413.49585922,Yahoo Finance – GC=F × USDVND (VNĐ/lượng)
2024-09-17,2024,76497097.43858309,75735932.28994048,76116514.86426179,Yahoo Finance – GC=F × USDVND (VNĐ/lượng)
2024-09-18,2024,76625719.24319883,75863274.27560481,76244496.75940183,Yahoo Finance – GC=F × USDVND (VNĐ/lượng)
2024-09-19,2024,77031633.61840306,76265149.70180205,76648391.66010256,Yahoo Finance – GC=F × USDVND (VNĐ/lượng)
2024-09-23,2024,78336707.26867555,77557237.54460913,77946972.40664235,Yahoo Finance – GC=F × USDVND (VNĐ/lượng)
2024-09-24,2024,78993085.78614102,78207084.93254758,78600085.3593443,Yahoo Finance – GC=F × USDVND (VNĐ/lượng)
2024-09-25,2024,79199226.54259615,78411174.53719719,78805200.53989667,Yahoo Finance – GC=F × USDVND (VNĐ/lượng)
2024-09-26,2024,79631131.57683906,78838782.00891031,79234956.7928747,Yahoo Finance – GC=F × USDVND (VNĐ/lượng)
2024-09-30,2024,78431388.4539991,77650976.62858619,78041182.54129265,Yahoo Finance – GC=F × USDVND (VNĐ/lượng)
2024-10-01,2024,79488951.31307454,78698016.47413848,79093483.89360651,Yahoo Finance – GC=F × USDVND (VNĐ/lượng)
2024-10-02,2024,79069790.97865874,78283026.88931885,78676408.9339888,Yahoo Finance – GC=F × USDVND (VNĐ/lượng)
2024-10-03,2024,79667913.12804799,78875197.57453507,79271555.35129154,Yahoo Finance – GC=F × USDVND (VNĐ/lượng)
2024-10-07,2024,79603562.35506663,78811487.10775255,79207524.7314096,Yahoo Finance – GC=F × USDVND (VNĐ/lượng)
2024-10-08,2024,78690793.59035157,77907800.6193033,78299297.10482743,Yahoo Finance – GC=F × USDVND (VNĐ/lượng)
2024-10-09,2024,78404176.66018292,77624035.59888758,78014106.12953526,Yahoo Finance – GC=F × USDVND (VNĐ/lượng)
2024-10-10,2024,78843435.53811714,78058923.74171798,78451179.63991757,Yahoo Finance – GC=F × USDVND (VNĐ/lượng)
2024-10-14,2024,79693856.77530873,78900883.07605194,79297369.92568034,Yahoo Finance – GC=F × USDVND (VNĐ/lượng)
2024-10-15,2024,80377292.18023802,79577518.12869337,79977405.1544657,Yahoo Finance – GC=F × USDVND (VNĐ/lượng)
2024-10-16,2024,80903630.90166703,80098619.64891413,80501125.27529058,Yahoo Finance – GC=F × USDVND (VNĐ/lượng)
2024-10-17,2024,82102709.7834649,81285767.39755978,81694238.59051234,Yahoo Finance – GC=F × USDVND (VNĐ/lượng)
2024-10-21,2024,83428537.6634677,82598402.96034864,83013470.31190817,Yahoo Finance – GC=F × USDVND (VNĐ/lượng)
2024-10-22,2024,84424115.78767884,83584074.83456762,84004095.31112324,Yahoo Finance – GC=F × USDVND (VNĐ/lượng)
2024-10-23,2024,83540220.1204795,82708974.14913145,83124597.13480547,Yahoo Finance – GC=F × USDVND (VNĐ/lượng)
2024-10-24,2024,84121434.71526645,83284405.51411954,83702920.114693,Yahoo Finance – GC=F × USDVND (VNĐ/lượng)
2024-10-28,2024,84267797.22424175,83429311.67972194,83848554.45198184,Yahoo Finance – GC=F × USDVND (VNĐ/lượng)
2024-10-29,2024,85017668.03076042,84171721.08518073,84594694.55797058,Yahoo Finance – GC=F × USDVND (VNĐ/lượng)
2024-10-30,2024,85466004.27303196,84615596.27031523,85040800.2716736,Yahoo Finance – GC=F × USDVND (VNĐ/lượng)
2024-10-31,2024,83877633.98075804,83043030.65756643,83460332.31916223,Yahoo Finance – GC=F × USDVND (VNĐ/lượng)
2024-11-01,2024,83853641.78080317,83019277.18596932,83436459.48338625,Yahoo Finance – GC=F × USDVND (VNĐ/lượng)
2024-11-04,2024,83810246.66166237,82976313.85905877,83393280.26036057,Yahoo Finance – GC=F × USDVND (VNĐ/lượng)
2024-11-05,2024,84038507.57192001,83202303.51647802,83620405.54419902,Yahoo Finance – GC=F × USDVND (VNĐ/lượng)
2024-11-06,2024,81873617.9521609,81058955.08696528,81466286.5195631,Yahoo Finance – GC=F × USDVND (VNĐ/lượng)
2024-11-07,2024,82949705.27843317,82124335.07665773,82537020.17754546,Yahoo Finance – GC=F × USDVND (VNĐ/lượng)
2024-11-08,2024,82549510.85689713,81728122.68916681,82138816.77303198,Yahoo Finance – GC=F × USDVND (VNĐ/lượng)
2024-11-11,2024,79921116.57904403,79125881.58820778,79523499.08362591,Yahoo Finance – GC=F × USDVND (VNĐ/lượng)
2024-11-12,2024,79735837.60670021,78942446.18772808,79339141.89721414,Yahoo Finance – GC=F × USDVND (VNĐ/lượng)
2024-11-13,2024,79240833.75282268,78452367.74533191,78846600.7490773,Yahoo Finance – GC=F × USDVND (VNĐ/lượng)
2024-11-14,2024,78822842.22876787,78038535.34091945,78430688.78484367,Yahoo Finance – GC=F × USDVND (VNĐ/lượng)
2024-11-15,2024,78932641.06417505,78147241.65060118,78539941.35738812,Yahoo Finance – GC=F × USDVND (VNĐ/lượng)
2024-11-18,2024,80282342.37815864,79483513.10076404,79882927.73946135,Yahoo Finance – GC=F × USDVND (VNĐ/lượng)
2024-11-19,2024,80869337.9011146,80064667.87224779,80467002.8866812,Yahoo Finance – GC=F × USDVND (VNĐ/lượng)
2024-11-20,2024,81486761.47637302,80675947.92934443,81081354.70285873,Yahoo Finance – GC=F × USDVND (VNĐ/lượng)
2024-11-21,2024,82286938.48985235,81468162.98249064,81877550.7361715,Yahoo Finance – GC=F × USDVND (VNĐ/lượng)
2024-11-22,2024,83450978.04285298,82620620.05237684,83035799.04761492,Yahoo Finance – GC=F × USDVND (VNĐ/lượng)
2024-11-25,2024,80590322.88400395,79788429.12396412,80189376.00398403,Yahoo Finance – GC=F × USDVND (VNĐ/lượng)
2024-11-26,2024,80675888.60006864,79873143.43986896,80274516.01996881,Yahoo Finance – GC=F × USDVND (VNĐ/lượng)
2024-11-27,2024,81263350.9542393,80454760.3974807,80859055.67586,Yahoo Finance – GC=F × USDVND (VNĐ/lượng)
2024-11-29,2024,81638425.37415405,80826102.7336152,81232264.05388463,Yahoo Finance – GC=F × USDVND (VNĐ/lượng)
2024-12-02,2024,80914685.21302868,80109563.9671279,80512124.5900783,Yahoo Finance – GC=F × USDVND (VNĐ/lượng)
2024-12-03,2024,81311769.14636657,80502696.81655198,80907232.98145927,Yahoo Finance – GC=F × USDVND (VNĐ/lượng)
2024-12-04,2024,81659079.9683197,80846551.80943096,81252815.88887534,Yahoo Finance – GC=F × USDVND (VNĐ/lượng)
2024-12-05,2024,80838033.53264636,80033674.99003297,80435854.26133966,Yahoo Finance – GC=F × USDVND (VNĐ/lượng)
2024-12-06,2024,81184973.72624956,80377163.04240629,80781068.38432793,Yahoo Finance – GC=F × USDVND (VNĐ/lượng)
2024-12-09,2024,81936049.23531418,81120765.163321,81528407.19931759,Yahoo Finance – GC=F × USDVND (VNĐ/lượng)
2024-12-10,2024,82925119.01786786,82099993.45550103,82512556.23668446,Yahoo Finance – GC=F × USDVND (VNĐ/lượng)
2024-12-11,2024,84004792.56893033,83168923.98615491,83586858.27754262,Yahoo Finance – GC=F × USDVND (VNĐ/lượng)
2024-12-12,2024,82647202.58572187,81824842.36098832,82236022.4733551,Yahoo Finance – GC=F × USDVND (VNĐ/lượng)
2024-12-13,2024,81723555.61271238,80910385.90512322,81316970.75891781,Yahoo Finance – GC=F × USDVND (VNĐ/lượng)
2024-12-16,2024,81601289.21238233,80789336.08589098,81195312.64913666,Yahoo Finance – GC=F × USDVND (VNĐ/lượng)
2024-12-17,2024,81337789.93352968,80528458.69040999,80933124.31196983,Yahoo Finance – GC=F × USDVND (VNĐ/lượng)
2024-12-18,2024,81238557.52768981,80430213.67169291,80834385.59969136,Yahoo Finance – GC=F × USDVND (VNĐ/lượng)
2024-12-19,2024,79920652.49452175,79125422.12144195,79523037.30798185,Yahoo Finance – GC=F × USDVND (VNĐ/lượng)
2024-12-20,2024,81061917.25944528,80255331.01805778,80658624.13875154,Yahoo Finance – GC=F × USDVND (VNĐ/lượng)
2024-12-23,2024,80540362.75999139,79738966.11561337,80139664.43780239,Yahoo Finance – GC=F × USDVND (VNĐ/lượng)
2024-12-24,2024,80761888.53344478,79958287.652515,80360088.0929799,Yahoo Finance – GC=F × USDVND (VNĐ/lượng)
2024-12-26,2024,81277455.18279734,80468724.28545608,80873089.73412672,Yahoo Finance – GC=F × USDVND (VNĐ/lượng)
2024-12-27,2024,80628008.46649611,79825739.72553596,80226874.09601603,Yahoo Finance – GC=F × USDVND (VNĐ/lượng)
2024-12-30,2024,80349210.78390004,79549716.14923437,79949463.4665672,Yahoo Finance – GC=F × USDVND (VNĐ/lượng)
2024-12-31,2024,81160165.39035192,80352601.55562206,80756383.472987,Yahoo Finance – GC=F × USDVND (VNĐ/lượng)
2025-01-02,2025,82089853.26323083,81273038.80290018,81681446.03306551,Yahoo Finance – GC=F × USDVND (VNĐ/lượng)
2025-01-03,2025,81564566.18628128,80752978.4630347,81158772.32465799,Yahoo Finance – GC=F × USDVND (VNĐ/lượng)
2025-01-06,2025,81201192.35833055,80393220.29506359,80797206.32669707,Yahoo Finance – GC=F × USDVND (VNĐ/lượng)
2025-01-07,2025,81667834.99047932,80855219.71694222,81261527.35371077,Yahoo Finance – GC=F × USDVND (VNĐ/lượng)
2025-01-08,2025,81875325.84757343,81060645.9883936,81467985.91798352,Yahoo Finance – GC=F × USDVND (VNĐ/lượng)
2025-01-09,2025,82500900.95362665,81679996.4665259,82090448.71007627,Yahoo Finance – GC=F × USDVND (VNĐ/lượng)
2025-01-10,2025,83276594.80142911,82447971.96758404,82862283.38450658,Yahoo Finance – GC=F × USDVND (VNĐ/lượng)
2025-01-13,2025,82151879.77237287,81334448.13284679,81743163.95260984,Yahoo Finance – GC=F × USDVND (VNĐ/lượng)
2025-01-14,2025,82372120.85255678,81552497.75949652,81962309.30602665,Yahoo Finance – GC=F × USDVND (VNĐ/lượng)
2025-01-15,2025,83416013.77256578,82586003.68527658,83001008.72892119,Yahoo Finance – GC=F × USDVND (VNĐ/lượng)
2025-01-16,2025,84441879.94467968,83601662.23378734,84021771.08923352,Yahoo Finance – GC=F × USDVND (VNĐ/lượng)
2025-01-17,2025,84360690.95917265,83521281.09888238,83940986.02902752,Yahoo Finance – GC=F × USDVND (VNĐ/lượng)
2025-01-21,2025,84506011.13017827,83665155.2980372,84085583.21410774,Yahoo Finance – GC=F × USDVND (VNĐ/lượng)
2025-01-22,2025,84708063.03044374,83865196.73163337,84286629.88103856,Yahoo Finance – GC=F × USDVND (VNĐ/lượng)
2025-01-23,2025,83867252.56022695,83032752.53475206,83450002.54748951,Yahoo Finance – GC=F × USDVND (VNĐ/lượng)
2025-01-24,2025,84399213.89562158,83559420.72253083,83979317.3090762,Yahoo Finance – GC=F × USDVND (VNĐ/lượng)
2025-01-27,2025,83123392.96622567,82296294.52875079,82709843.74748823,Yahoo Finance – GC=F × USDVND (VNĐ/lượng)
2025-01-28,2025,84013080.44482651,83177129.39562427,83595104.9202254,Yahoo Finance – GC=F × USDVND (VNĐ/lượng)
2025-01-29,2025,84082920.75992486,83246274.78221418,83664597.77106953,Yahoo Finance – GC=F × USDVND (VNĐ/lượng)
2025-01-30,2025,85719575.65065023,84866644.54964875,85293110.1001495,Yahoo Finance – GC=F × USDVND (VNĐ/lượng)
2025-01-31,2025,85400746.19817705,84550987.52953848,84975866.86385778,Yahoo Finance – GC=F × USDVND (VNĐ/lượng)
2025-02-03,2025,86050548.0217235,85194323.6632984,85622435.84251095,Yahoo Finance – GC=F × USDVND (VNĐ/lượng)
2025-02-04,2025,87400231.11612865,86530577.07517216,86965404.0956504,Yahoo Finance – GC=F × USDVND (VNĐ/lượng)
2025-02-05,2025,87960785.0255121,87085553.33371596,87523169.17961404,Yahoo Finance – GC=F × USDVND (VNĐ/lượng)
2025-02-06,2025,87015758.59629944,86149930.15255518,86582844.37442732,Yahoo Finance – GC=F × USDVND (VNĐ/lượng)
2025-02-07,2025,87759584.00529534,86886354.31370036,87322969.15949786,Yahoo Finance – GC=F × USDVND (VNĐ/lượng)
2025-02-10,2025,89304051.16309771,88415453.6390868,88859752.40109226,Yahoo Finance – GC=F × USDVND (VNĐ/lượng)
2025-02-11,2025,89566503.26731718,88675294.2795827,89120898.77344994,Yahoo Finance – GC=F × USDVND (VNĐ/lượng)
2025-02-12,2025,89987586.42516114,89092187.55525905,89539886.9902101,Yahoo Finance – GC=F × USDVND (VNĐ/lượng)
2025-02-13,2025,90581276.48505057,89679970.2513685,90130623.36820954,Yahoo Finance – GC=F × USDVND (VNĐ/lượng)
2025-02-14,2025,88887400.63432999,88002948.88672473,88445174.76052736,Yahoo Finance – GC=F × USDVND (VNĐ/lượng)
2025-02-18,2025,90473572.62013263,89573338.06669848,90023455.34341556,Yahoo Finance – GC=F × USDVND (VNĐ/lượng)
2025-02-19,2025,90203177.6938059,89305633.63715114,89754405.66547853,Yahoo Finance – GC=F × USDVND (VNĐ/lượng)
2025-02-20,2025,90893111.5067436,89988702.43702477,90440906.97188419,Yahoo Finance – GC=F × USDVND (VNĐ/lượng)
2025-02-21,2025,90765524.58246525,89862385.03438103,90313954.80842315,Yahoo Finance – GC=F × USDVND (VNĐ/lượng)
2025-02-24,2025,91119485.5177066,90212823.97026674,90666154.74398668,Yahoo Finance – GC=F × USDVND (VNĐ/lượng)
2025-02-25,2025,89630184.34018679,88738341.70993619,89184263.02506149,Yahoo Finance – GC=F × USDVND (VNĐ/lượng)
2025-02-26,2025,90193532.39867404,89296084.31510516,89744808.3568896,Yahoo Finance – GC=F × USDVND (VNĐ/lượng)
2025-02-27,2025,89206950.15063381,88319318.8058514,88763134.4782426,Yahoo Finance – GC=F × USDVND (VNĐ/lượng)
2025-02-28,2025,87719765.7807693,86846932.2904134,87283349.03559135,Yahoo Finance – GC=F × USDVND (VNĐ/lượng)
2025-03-03,2025,89406021.96358736,88516409.8047457,88961215.88416654,Yahoo Finance – GC=F × USDVND (VNĐ/lượng)
2025-03-04,2025,90164797.70369056,89267635.53748469,89716216.62058763,Yahoo Finance – GC=F × USDVND (VNĐ/lượng)
2025-03-05,2025,90217797.51069695,89320107.98322733,89768952.74696214,Yahoo Finance – GC=F × USDVND (VNĐ/lượng)
2025-03-06,2025,90081329.88052483,89184998.2399226,89633164.06022371,Yahoo Finance – GC=F × USDVND (VNĐ/lượng)
2025-03-07,2025,89696187.30234535,88803687.92620263,89249937.614274,Yahoo Finance – GC=F × USDVND (VNĐ/lượng)
2025-03-10,2025,89255622.43798928,88367506.79184014,88811564.61491472,Yahoo Finance – GC=F × USDVND (VNĐ/lượng)
2025-03-11,2025,90090579.26442462,89194155.59015174,89642367.42728819,Yahoo Finance – GC=F × USDVND (VNĐ/lượng)
2025-03-12,2025,90633808.86328505,89731979.91937178,90182894.39132842,Yahoo Finance – GC=F × USDVND (VNĐ/lượng)
2025-03-13,2025,92009571.65127373,91094053.52539042,91551812.58833207,Yahoo Finance – GC=F × USDVND (VNĐ/lượng)
2025-03-14,2025,92487325.41152924,91567053.51688717,92027189.46420822,Yahoo Finance – GC=F × USDVND (VNĐ/lượng)
2025-03-17,2025,92693547.34997669,91771223.49574807,92232385.42286238,Yahoo Finance – GC=F × USDVND (VNĐ/lượng)
2025-03-18,2025,93814840.58305374,92881359.58222733,93348100.08264054,Yahoo Finance – GC=F × USDVND (VNĐ/lượng)
2025-03-19,2025,93839562.51868722,92905835.52845153,93372699.02356938,Yahoo Finance – GC=F × USDVND (VNĐ/lượng)
2025-03-20,2025,94058384.10468276,93122479.78523318,93590431.94495797,Yahoo Finance – GC=F × USDVND (VNĐ/lượng)
2025-03-21,2025,93420455.90703093,92490899.1318366,92955677.51943377,Yahoo Finance – GC=F × USDVND (VNĐ/lượng)
2025-03-24,2025,93408639.89807557,92479200.69510965,92943920.29659261,Yahoo Finance – GC=F × USDVND (VNĐ/lượng)
2025-03-25,2025,93865475.80590034,92931490.97201079,93398483.38895556,Yahoo Finance – GC=F × USDVND (VNĐ/lượng)
2025-03-26,2025,93705345.88651599,92772954.38515763,93239150.13583681,Yahoo Finance – GC=F × USDVND (VNĐ/lượng)
2025-03-27,2025,94757535.48751538,93814674.43788837,94286104.96270187,Yahoo Finance – GC=F × USDVND (VNĐ/lượng)
2025-03-28,2025,95590602.38397607,94639452.1114987,95115027.2477374,Yahoo Finance – GC=F × USDVND (VNĐ/lượng)
2025-03-31,2025,96733754.03636141,95771229.12057674,96252491.57846908,Yahoo Finance – GC=F × USDVND (VNĐ/lượng)
2025-04-01,2025,96820791.76242678,95857400.79961658,96339096.28102168,Yahoo Finance – GC=F × USDVND (VNĐ/lượng)
2025-04-02,2025,97396608.92765284,96427488.44081053,96912048.68423168,Yahoo Finance – GC=F × USDVND (VNĐ/lượng)
2025-04-03,2025,96065896.12101533,95110016.55762215,95587956.33931874,Yahoo Finance – GC=F × USDVND (VNĐ/lượng)
2025-04-07,2025,92190112.65020376,91272798.0964704,91731455.37333709,Yahoo Finance – GC=F × USDVND (VNĐ/lượng)
2025-04-08,2025,93497564.46870878,92567240.44414453,93032402.45642667,Yahoo Finance – GC=F × USDVND (VNĐ/lượng)
2025-04-09,2025,96142886.29093188,95186240.65619625,95664563.47356407,Yahoo Finance – GC=F × USDVND (VNĐ/lượng)
2025-04-10,2025,98329972.6612696,97351564.97309779,97840768.8171837,Yahoo Finance – GC=F × USDVND (VNĐ/lượng)
2025-04-14,2025,100279582.97688626,99281776.18109635,99780679.57899131,Yahoo Finance – GC=F × USDVND (VNĐ/lượng)
2025-04-15,2025,100581915.74030206,99581100.65830901,100081508.19930553,Yahoo Finance – GC=F × USDVND (VNĐ/lượng)
2025-04-16,2025,104114943.9674071,103078974.37569162,103596959.17154936,Yahoo Finance – GC=F × USDVND (VNĐ/lượng)
2025-04-21,2025,106775452.8406587,105713010.52383624,106244231.68224747,Yahoo Finance – GC=F × USDVND (VNĐ/lượng)
2025-04-22,2025,106857541.6760276,105794282.5548731,106325912.11545035,Yahoo Finance – GC=F × USDVND (VNĐ/lượng)
2025-04-23,2025,103076594.78233323,102050957.02330504,102563775.90281914,Yahoo Finance – GC=F × USDVND (VNĐ/lượng)
2025-04-24,2025,105075263.02506147,104029738.01983699,104552500.52244924,Yahoo Finance – GC=F × USDVND (VNĐ/lượng)
2025-04-28,2025,104864906.83323419,103821474.9244458,104343190.87884,Yahoo Finance – GC=F × USDVND (VNĐ/lượng)
2025-04-29,2025,104474019.07530196,103434476.59694076,103954247.83612137,Yahoo Finance – GC=F × USDVND (VNĐ/lượng)
2025-04-30,2025,104039601.04972108,103004381.1387786,103521991.09424984,Yahoo Finance – GC=F × USDVND (VNĐ/lượng)
2025-05-01,2025,101049052.75933576,100043589.54780008,100546321.15356793,Yahoo Finance – GC=F × USDVND (VNĐ/lượng)
2025-05-05,2025,104085458.1430137,103049781.9425857,103567620.04279971,Yahoo Finance – GC=F × USDVND (VNĐ/lượng)
2025-05-06,2025,107256739.22068137,106189507.98465471,106723123.60266805,Yahoo Finance – GC=F × USDVND (VNĐ/lượng)
2025-05-07,2025,106334004.64238949,105275954.84495279,105804979.74367115,Yahoo Finance – GC=F × USDVND (VNĐ/lượng)
2025-05-08,2025,103691293.75882201,102659539.59206757,103175416.6754448,Yahoo Finance – GC=F × USDVND (VNĐ/lượng)
2025-05-12,2025,101285815.1011944,100277996.04546112,100781905.57332776,Yahoo Finance – GC=F × USDVND (VNĐ/lượng)
2025-05-13,2025,101889021.77404596,100875200.6618664,101382111.21795619,Yahoo Finance – GC=F × USDVND (VNĐ/lượng)
2025-05-14,2025,99932866.22530563,98938509.34744191,99435687.78637378,Yahoo Finance – GC=F × USDVND (VNĐ/lượng)
2025-05-15,2025,101151733.86602016,100145248.95193042,100648491.40897529,Yahoo Finance – GC=F × USDVND (VNĐ/lượng)
2025-05-19,2025,101456216.45745175,100446701.86583532,100951459.16164353,Yahoo Finance – GC=F × USDVND (VNĐ/lượng)
2025-05-20,2025,103142819.77722599,102116523.06302474,102629671.42012537,Yahoo Finance – GC=F × USDVND (VNĐ/lượng)
2025-05-21,2025,104054669.83027467,103019299.98121722,103536984.90574595,Yahoo Finance – GC=F × USDVND (VNĐ/lượng)
2025-05-22,2025,103611888.9924614,102580924.92288467,103096406.95767304,Yahoo Finance – GC=F × USDVND (VNĐ/lượng)
2025-05-27,2025,103546071.3168186,102515762.14948708,103030916.73315284,Yahoo Finance – GC=F × USDVND (VNĐ/lượng)
2025-05-28,2025,103561014.61272515,102530556.75588213,103045785.68430364,Yahoo Finance – GC=F × USDVND (VNĐ/lượng)
2025-05-29,2025,104484813.77823062,103445163.88989003,103964988.83406033,Yahoo Finance – GC=F × USDVND (VNĐ/lượng)
2025-06-02,2025,106276188.19415459,105218713.68476002,105747450.93945731,Yahoo Finance – GC=F × USDVND (VNĐ/lượng)
2025-06-03,2025,105697914.45527394,104646193.91343042,105172054.18435219,Yahoo Finance – GC=F × USDVND (VNĐ/lượng)
2025-06-04,2025,106567915.69980066,105507538.42915589,106037727.06447828,Yahoo Finance – GC=F × USDVND (VNĐ/lượng)
2025-06-05,2025,105786768.9135142,104734164.2477081,105260466.58061115,Yahoo Finance – GC=F × USDVND (VNĐ/lượng)
2025-06-09,2025,105074382.18373103,104028865.9430969,104551624.06341398,Yahoo Finance – GC=F × USDVND (VNĐ/lượng)
2025-06-10,2025,104580360.0128084,103539759.41566604,104060059.71423723,Yahoo Finance – GC=F × USDVND (VNĐ/lượng)
2025-06-11,2025,104673448.3354401,103631921.48633125,104152684.91088568,Yahoo Finance – GC=F × USDVND (VNĐ/lượng)
2025-06-12,2025,106592751.46239084,105532127.06973024,106062439.26606055,Yahoo Finance – GC=F × USDVND (VNĐ/lượng)
2025-06-16,2025,107122587.77786003,106056691.38206044,106589639.57996024,Yahoo Finance – GC=F × USDVND (VNĐ/lượng)
2025-06-17,2025,106985847.5752217,105921311.77845334,106453579.67683752,Yahoo Finance – GC=F × USDVND (VNĐ/lượng)
2025-06-18,2025,107169084.09229694,106102725.04660246,106635904.56944971,Yahoo Finance – GC=F × USDVND (VNĐ/lượng)
2025-06-23,2025,107187621.40490302,106121077.90833683,106654349.65661994,Yahoo Finance – GC=F × USDVND (VNĐ/lượng)
2025-06-24,2025,105113280.03703824,104067376.75308762,104590328.39506294,Yahoo Finance – GC=F × USDVND (VNĐ/lượng)
2025-06-25,2025,105420635.00668673,104371673.46433166,104896154.2355092,Yahoo Finance – GC=F × USDVND (VNĐ/lượng)
2025-06-26,2025,105421461.91345026,104372492.14316717,104896977.02830872,Yahoo Finance – GC=F × USDVND (VNĐ/lượng)
2025-06-30,2025,104256778.5771631,103219397.6957983,103738088.1364807,Yahoo Finance – GC=F × USDVND (VNĐ/lượng)
2025-07-01,2025,105563090.0506251,104512711.04514626,105037900.54788569,Yahoo Finance – GC=F × USDVND (VNĐ/lượng)
2025-07-02,2025,106082857.63660038,105027306.81434566,105555082.22547302,Yahoo Finance – GC=F × USDVND (VNĐ/lượng)
2025-07-03,2025,105664140.35269314,104612755.87157182,105138448.11213249,Yahoo Finance – GC=F × USDVND (VNĐ/lượng)
2025-07-07,2025,105461099.27930026,104411735.10736693,104936417.1933336,Yahoo Finance – GC=F × USDVND (VNĐ/lượng)
2025-07-08,2025,104623473.46359734,103582443.87689489,104102958.67024612,Yahoo Finance – GC=F × USDVND (VNĐ/lượng)
2025-07-09,2025,104881359.4562932,103837763.83981268,104359561.64805295,Yahoo Finance – GC=F × USDVND (VNĐ/lượng)
2025-07-10,2025,104912298.62205346,103868395.15317732,104390346.8876154,Yahoo Finance – GC=F × USDVND (VNĐ/lượng)
2025-07-14,2025,105990709.34541129,104936075.42157635,105463392.38349383,Yahoo Finance – GC=F × USDVND (VNĐ/lượng)
2025-07-15,2025,105385144.55177984,104336536.14827955,104860840.35002969,Yahoo Finance – GC=F × USDVND (VNĐ/lượng)
2025-07-16,2025,106184820.53868535,105128255.16019098,105656537.84943818,Yahoo Finance – GC=F × USDVND (VNĐ/lượng)
2025-07-17,2025,105771838.7390173,104719382.63216141,105245610.68558936,Yahoo Finance – GC=F × USDVND (VNĐ/lượng)
2025-07-21,2025,107708259.52523437,106636535.54985891,107172397.53754665,Yahoo Finance – GC=F × USDVND (VNĐ/lượng)
2025-07-22,2025,108847552.00970037,107764491.79069838,108306021.90019938,Yahoo Finance – GC=F × USDVND (VNĐ/lượng)
2025-07-23,2025,107420182.6444795,106351325.10572848,106885753.875104,Yahoo Finance – GC=F × USDVND (VNĐ/lượng)
2025-07-24,2025,106648239.80822094,105587063.29271626,106117651.55046861,Yahoo Finance – GC=F × USDVND (VNĐ/lượng)
2025-07-28,2025,104910440.6362447,103866555.65478954,104388498.14551713,Yahoo Finance – GC=F × USDVND (VNĐ/lượng)
2025-07-29,2025,105484603.11231533,104435005.07139678,104959804.09185606,Yahoo Finance – GC=F × USDVND (VNĐ/lượng)
2025-07-30,2025,104628551.95439422,103587471.83544503,104108011.89491963,Yahoo Finance – GC=F × USDVND (VNĐ/lượng)
2025-07-31,2025,104534038.27115981,103493898.58686969,104013968.42901476,Yahoo Finance – GC=F × USDVND (VNĐ/lượng)
2025-08-04,2025,107017478.85185555,105952628.3160162,106485053.58393587,Yahoo Finance – GC=F × USDVND (VNĐ/lượng)
2025-08-05,2025,107464324.63025825,106395027.86776812,106929676.24901319,Yahoo Finance – GC=F × USDVND (VNĐ/lượng)
2025-08-06,2025,107301565.74019001,106233888.46914336,106767727.1046667,Yahoo Finance – GC=F × USDVND (VNĐ/lượng)
2025-08-07,2025,107904810.83744912,106831131.12762377,107367970.98253645,Yahoo Finance – GC=F × USDVND (VNĐ/lượng)
2025-08-11,2025,106573550.20929621,105513116.87388034,106043333.54158828,Yahoo Finance – GC=F × USDVND (VNĐ/lượng)
2025-08-12,2025,106496862.08147408,105437191.81200668,105967026.94674039,Yahoo Finance – GC=F × USDVND (VNĐ/lượng)
2025-08-13,2025,106889902.44902134,105826321.33012562,106358111.88957348,Yahoo Finance – GC=F × USDVND (VNĐ/lượng)
2025-08-14,2025,106000578.1417298,104945846.02091658,105473212.08132319,Yahoo Finance – GC=F × USDVND (VNĐ/lượng)
2025-08-18,2025,106071002.81896678,105015569.95509647,105543286.38703163,Yahoo Finance – GC=F × USDVND (VNĐ/lượng)
2025-08-19,2025,105548607.69259922,104498372.7901853,105023490.24139227,Yahoo Finance – GC=F × USDVND (VNĐ/lượng)
2025-08-20,2025,106828350.54969141,105765381.88750543,106296866.21859843,Yahoo Finance – GC=F × USDVND (VNĐ/lượng)
2025-08-21,2025,106762176.4403447,105699866.22700796,106231021.33367634,Yahoo Finance – GC=F × USDVND (VNĐ/lượng)
2025-08-25,2025,107513538.65794916,106443752.20364122,106978645.4307952,Yahoo Finance – GC=F × USDVND (VNĐ/lượng)
2025-08-26,2025,108149410.68343629,107073297.14429763,107611353.91386697,Yahoo Finance – GC=F × USDVND (VNĐ/lượng)
2025-08-27,2025,108800321.01346777,107717730.75462732,108259025.88404755,Yahoo Finance – GC=F × USDVND (VNĐ/lượng)
2025-08-28,2025,109611330.55790937,108520670.55235805,109066000.55513372,Yahoo Finance – GC=F × USDVND (VNĐ/lượng)
2025-09-02,2025,113281442.67711799,112154264.14301732,112717853.41006766,Yahoo Finance – GC=F × USDVND (VNĐ/lượng)
2025-09-03,2025,114788195.4155598,113646024.31689753,114217109.86622867,Yahoo Finance – GC=F × USDVND (VNĐ/lượng)
2025-09-04,2025,113891276.38394183,112758029.85275833,113324653.11835009,Yahoo Finance – GC=F × USDVND (VNĐ/lượng)
2025-09-08,2025,116310737.65658623,115153416.88388388,115732077.27023506,Yahoo Finance – GC=F × USDVND (VNĐ/lượng)
2025-09-09,2025,116366618.18631132,115208741.3884376,115787679.78737447,Yahoo Finance – GC=F × USDVND (VNĐ/lượng)
2025-09-10,2025,116420350.50083345,115261939.05306397,115841144.77694872,Yahoo Finance – GC=F × USDVND (VNĐ/lượng)
2025-09-11,2025,116228299.58719033,115071799.09378546,115650049.3404879,Yahoo Finance – GC=F × USDVND (VNĐ/lượng)
2025-09-15,2025,117586768.70573299,116416751.10667098,117001759.90620199,Yahoo Finance – GC=F × USDVND (VNĐ/lượng)
2025-09-16,2025,117916937.80283865,116743634.93912883,117330286.37098375,Yahoo Finance – GC=F × USDVND (VNĐ/lượng)
2025-09-17,2025,117507080.81795071,116337856.13319498,116922468.47557285,Yahoo Finance – GC=F × USDVND (VNĐ/lượng)
2025-09-18,2025,116357316.02657309,115199531.78750272,115778423.90703791,Yahoo Finance – GC=F × USDVND (VNĐ/lượng)
2025-09-22,2025,119636199.40750746,118445789.46315417,119040994.43533082,Yahoo Finance – GC=F × USDVND (VNĐ/lượng)
2025-09-23,2025,120912297.9835769,119709190.54095425,120310744.26226558,Yahoo Finance – GC=F × USDVND (VNĐ/lượng)
2025-09-24,2025,119361156.28630005,118173483.08942145,118767319.68786076,Yahoo Finance – GC=F × USDVND (VNĐ/lượng)
2025-09-25,2025,119446746.17118724,118258221.33366299,118852483.75242512,Yahoo Finance – GC=F × USDVND (VNĐ/lượng)
2025-09-29,2025,122289143.02724415,121072335.63393824,121680739.3305912,Yahoo Finance – GC=F × USDVND (VNĐ/lượng)
2025-09-30,2025,122977245.72403583,121753591.53772703,122365418.63088143,Yahoo Finance – GC=F × USDVND (VNĐ/lượng)
2025-10-01,2025,123738418.73201568,122507190.68493095,123122804.70847332,Yahoo Finance – GC=F × USDVND (VNĐ/lượng)
2025-10-02,2025,122793142.43011521,121571320.11737776,122182231.27374649,Yahoo Finance – GC=F × USDVND (VNĐ/lượng)
2025-10-06,2025,126018985.94611537,124765065.68794508,125392025.81703024,Yahoo Finance – GC=F × USDVND (VNĐ/lượng)
2025-10-07,2025,126915819.12621604,125652975.1548109,126284397.14051348,Yahoo Finance – GC=F × USDVND (VNĐ/lượng)
2025-10-08,2025,129020096.1947427,127736314.14305373,128378205.16889821,Yahoo Finance – GC=F × USDVND (VNĐ/lượng)
2025-10-09,2025,125977462.9766641,124723955.88236894,125350709.42951652,Yahoo Finance – GC=F × USDVND (VNĐ/lượng)
2025-10-13,2025,131054011.67712812,129749991.6604403,130402001.66878422,Yahoo Finance – GC=F × USDVND (VNĐ/lượng)
2025-10-14,2025,132104395.17418791,130789923.58041492,131447159.37730142,Yahoo Finance – GC=F × USDVND (VNĐ/lượng)
2025-10-15,2025,133181993.02509363,131856799.06464496,132519396.0448693,Yahoo Finance – GC=F × USDVND (VNĐ/lượng)
2025-10-16,2025,136449829.7712057,135092120.0222385,135770974.8967221,Yahoo Finance – GC=F × USDVND (VNĐ/lượng)
2025-10-20,2025,138346524.27683517,136969941.9457224,137658233.1112788,Yahoo Finance – GC=F × USDVND (VNĐ/lượng)
2025-10-21,2025,130426973.44544831,129129192.61514534,129778083.03029683,Yahoo Finance – GC=F × USDVND (VNĐ/lượng)
2025-10-22,2025,129104197.28211734,127819578.40368833,128461887.84290284,Yahoo Finance – GC=F × USDVND (VNĐ/lượng)
2025-10-23,2025,131528091.83050138,130219354.5983571,130873723.21442924,Yahoo Finance – GC=F × USDVND (VNĐ/lượng)
2025-10-27,2025,127432337.69603306,126164354.23637106,126798345.96620207,Yahoo Finance – GC=F × USDVND (VNĐ/lượng)
2025-10-28,2025,126295545.58616495,125038873.49078025,125667209.53847261,Yahoo Finance – GC=F × USDVND (VNĐ/lượng)
2025-10-29,2025,126987952.57005662,125724390.85294165,126356171.71149914,Yahoo Finance – GC=F × USDVND (VNĐ/lượng)
2025-10-30,2025,127679892.90170492,126409446.20616558,127044669.55393526,Yahoo Finance – GC=F × USDVND (VNĐ/lượng)
2025-10-31,2025,126973913.31401208,125710491.29098709,126342202.30249959,Yahoo Finance – GC=F × USDVND (VNĐ/lượng)
2025-11-03,2025,127526806.17465636,126257882.73013243,126892344.4523944,Yahoo Finance – GC=F × USDVND (VNĐ/lượng)
2025-11-04,2025,125845167.99410568,124592977.26779619,125219072.63095094,Yahoo Finance – GC=F × USDVND (VNĐ/lượng)
2025-11-05,2025,126816877.19973865,125555017.72511439,126185947.46242653,Yahoo Finance – GC=F × USDVND (VNĐ/lượng)
2025-11-06,2025,126828239.91126259,125566267.37483212,126197253.64304736,Yahoo Finance – GC=F × USDVND (VNĐ/lượng)
2025-11-07,2025,127376960.26806188,126109527.82758366,126743244.04782277,Yahoo Finance – GC=F × USDVND (VNĐ/lượng)
2025-11-10,2025,130931875.86789683,129629071.13289289,130280473.50039487,Yahoo Finance – GC=F × USDVND (VNĐ/lượng)
2025-11-11,2025,130722899.78236331,129422174.41139454,130072537.09687893,Yahoo Finance – GC=F × USDVND (VNĐ/lượng)
2025-11-12,2025,133880537.05462615,132548392.40731645,133214464.7309713,Yahoo Finance – GC=F × USDVND (VNĐ/lượng)
2025-11-13,2025,133323285.2582045,131996685.40488905,132659985.33154678,Yahoo Finance – GC=F × USDVND (VNĐ/lượng)
2025-11-14,2025,130359400.15974575,129062291.7004448,129710845.93009529,Yahoo Finance – GC=F × USDVND (VNĐ/lượng)
2025-11-17,2025,129768541.45754583,128477312.18931156,129122926.8234287,Yahoo Finance – GC=F × USDVND (VNĐ/lượng)
2025-11-18,2025,129594469.03461601,128304971.83029148,128949720.43245375,Yahoo Finance – GC=F × USDVND (VNĐ/lượng)
2025-11-19,2025,130330240.75896414,129033422.44295457,129681831.60095936,Yahoo Finance – GC=F × USDVND (VNĐ/lượng)
2025-11-20,2025,129642823.82207789,128352845.47558957,128997834.64883374,Yahoo Finance – GC=F × USDVND (VNĐ/lượng)
2025-11-21,2025,130239003.16744173,128943092.68816371,129591047.92780273,Yahoo Finance – GC=F × USDVND (VNĐ/lượng)
2025-11-24,2025,130640311.23445481,129340407.64008214,129990359.43726848,Yahoo Finance – GC=F × USDVND (VNĐ/lượng)
2025-11-25,2025,132155462.53502434,130840482.80830769,131497972.67166603,Yahoo Finance – GC=F × USDVND (VNĐ/lượng)
2025-11-26,2025,132950256.50912611,131627368.3846572,132288812.44689167,Yahoo Finance – GC=F × USDVND (VNĐ/lượng)
2025-11-28,2025,134793384.33954158,133452156.63467054,134122770.48710607,Yahoo Finance – GC=F × USDVND (VNĐ/lượng)
2025-12-01,2025,135248687.05697384,133902928.97680497,134575808.01688942,Yahoo Finance – GC=F × USDVND (VNĐ/lượng)
2025-12-02,2025,133618107.85578023,132288574.44427994,132953341.15003009,Yahoo Finance – GC=F × USDVND (VNĐ/lượng)
2025-12-03,2025,134023427.39532459,132689860.95358007,133356644.17445233,Yahoo Finance – GC=F × USDVND (VNĐ/lượng)
2025-12-04,2025,134447889.9285024,133110099.97896507,133778994.95373374,Yahoo Finance – GC=F × USDVND (VNĐ/lượng)
2025-12-05,2025,134457483.49647915,133119598.088554,133788540.79251657,Yahoo Finance – GC=F × USDVND (VNĐ/lượng)
2025-12-08,2025,133535789.4043212,132207075.08189015,132871432.24310568,Yahoo Finance – GC=F × USDVND (VNĐ/lượng)
2025-12-09,2025,134157672.23101273,132822770.0197589,133490221.12538582,Yahoo Finance – GC=F × USDVND (VNĐ/lượng)
2025-12-10,2025,133930875.0962991,132598229.57295284,133264552.33462597,Yahoo Finance – GC=F × USDVND (VNĐ/lượng)
2025-12-11,2025,136852453.4166171,135490737.4622229,136171595.43942,Yahoo Finance – GC=F × USDVND (VNĐ/lượng)
2025-12-12,2025,137032121.46285927,135668617.76671144,136350369.61478537,Yahoo Finance – GC=F × USDVND (VNĐ/lượng)
2025-12-15,2025,137258103.08344463,135892350.81395763,136575226.94870114,Yahoo Finance – GC=F × USDVND (VNĐ/lượng)
2025-12-16,2025,137120177.22081116,135755797.34796727,136437987.28438923,Yahoo Finance – GC=F × USDVND (VNĐ/lượng)
2025-12-17,2025,138595301.12165835,137216243.3990548,137905772.26035658,Yahoo Finance – GC=F × USDVND (VNĐ/lượng)
2025-12-18,2025,138287685.77089396,136911688.89755175,137599687.33422285,Yahoo Finance – GC=F × USDVND (VNĐ/lượng)
2025-12-19,2025,138906304.85548773,137524152.56836846,138215228.7119281,Yahoo Finance – GC=F × USDVND (VNĐ/lượng)
2025-12-22,2025,141448440.6973083,140040993.52619082,140744717.11174956,Yahoo Finance – GC=F × USDVND (VNĐ/lượng)
2025-12-23,2025,142854248.3614356,141432813.05435663,142143530.7078961,Yahoo Finance – GC=F × USDVND (VNĐ/lượng)
2025-12-24,2025,142925305.3053751,141503162.9640281,142214234.1347016,Yahoo Finance – GC=F × USDVND (VNĐ/lượng)
2025-12-26,2025,144203488.8546834,142768628.26906466,143486058.56187403,Yahoo Finance – GC=F × USDVND (VNĐ/lượng)
2025-12-29,2025,137592972.55045813,136223888.2464735,136908430.3984658,Yahoo Finance – GC=F × USDVND (VNĐ/lượng)
2025-12-30,2025,138971590.9563673,137588789.05630398,138280190.00633565,Yahoo Finance – GC=F × USDVND (VNĐ/lượng)
2025-12-31,2025,137451641.54416743,136083963.51885235,136767802.5315099,Yahoo Finance – GC=F × USDVND (VNĐ/lượng)
2026-01-02,2026,137461677.7363756,136093899.84845147,136777788.79241353,Yahoo Finance – GC=F × USDVND (VNĐ/lượng)
2026-01-05,2026,141364666.77398387,139958053.17424273,140661359.97411332,Yahoo Finance – GC=F × USDVND (VNĐ/lượng)
2026-01-06,2026,142666779.68152785,141247209.734448,141956994.70798793,Yahoo Finance – GC=F × USDVND (VNĐ/lượng)
2026-01-07,2026,141646528.02381703,140237109.83452535,140941818.9291712,Yahoo Finance – GC=F × USDVND (VNĐ/lượng)
2026-01-08,2026,141643099.89254823,140233715.81401542,140938407.85328183,Yahoo Finance – GC=F × USDVND (VNĐ/lượng)
2026-01-09,2026,142712395.7468668,141292371.9085895,142002383.82772815,Yahoo Finance – GC=F × USDVND (VNĐ/lượng)
2026-01-12,2026,146307691.8873511,144851893.95812374,145579792.92273742,Yahoo Finance – GC=F × USDVND (VNĐ/lượng)
2026-01-13,2026,146078110.87560123,144624597.3345505,145351354.10507587,Yahoo Finance – GC=F × USDVND (VNĐ/lượng)
2026-01-14,2026,147146910.78465295,145682762.41863653,146414836.60164475,Yahoo Finance – GC=F × USDVND (VNĐ/lượng)
2026-01-15,2026,146716975.0948501,145257104.6958964,145987039.89537326,Yahoo Finance – GC=F × USDVND (VNĐ/lượng)
2026-01-16,2026,145830249.91440144,144379202.6515716,145104726.28298652,Yahoo Finance – GC=F × USDVND (VNĐ/lượng)
2026-01-20,2026,151242563.28528982,149737662.15807304,150490112.72168145,Yahoo Finance – GC=F × USDVND (VNĐ/lượng)
2026-01-21,2026,153765133.3700356,152235132.04297057,153000132.7065031,Yahoo Finance – GC=F × USDVND (VNĐ/lượng)
2026-01-22,2026,155983580.52829987,154431505.1001576,155207542.81422874,Yahoo Finance – GC=F × USDVND (VNĐ/lượng)
2026-01-23,2026,158378558.42138922,156802652.36744508,157590605.39441717,Yahoo Finance – GC=F × USDVND (VNĐ/lượng)
2026-01-26,2026,161291066.12148336,159686179.89141887,160488623.00645113,Yahoo Finance – GC=F × USDVND (VNĐ/lượng)
2026-01-27,2026,161149682.0775532,159546202.65389597,160347942.3657246,Yahoo Finance – GC=F × USDVND (VNĐ/lượng)
2026-01-28,2026,167855062.05634004,166184862.4338889,167019962.24511448,Yahoo Finance – GC=F × USDVND (VNĐ/lượng)
2026-01-29,2026,167678102.08611482,166009663.25938734,166843882.6727511,Yahoo Finance – GC=F × USDVND (VNĐ/lượng)
2026-01-30,2026,148219650.89718533,146744828.50019842,147482239.69869187,Yahoo Finance – GC=F × USDVND (VNĐ/lượng)
2026-02-02,2026,144953684.67375052,143511359.4531162,144232522.06343338,Yahoo Finance – GC=F × USDVND (VNĐ/lượng)
2026-02-03,2026,154306395.834826,152771008.81159392,153538702.32320997,Yahoo Finance – GC=F × USDVND (VNĐ/lượng)
2026-02-04,2026,155010749.73263723,153468354.21290952,154239551.97277337,Yahoo Finance – GC=F × USDVND (VNĐ/lượng)
2026-02-05,2026,153022441.8832302,151499830.52120802,152261136.20221913,Yahoo Finance – GC=F × USDVND (VNĐ/lượng)
2026-02-06,2026,155621116.27116516,154072647.45254663,154846881.8618559,Yahoo Finance – GC=F × USDVND (VNĐ/lượng)
2026-02-09,2026,158509973.56574416,156932759.89842334,157721366.73208377,Yahoo Finance – GC=F × USDVND (VNĐ/lượng)
2026-02-10,2026,156789333.5122633,155229240.6414945,156009287.0768789,Yahoo Finance – GC=F × USDVND (VNĐ/lượng)
2026-02-11,2026,158790888.39204755,157210879.5523257,158000883.97218663,Yahoo Finance – GC=F × USDVND (VNĐ/lượng)
2026-02-12,2026,154816423.5962607,153275961.66992977,154046192.63309523,Yahoo Finance – GC=F × USDVND (VNĐ/lượng)
2026-02-13,2026,157663872.35359365,156095077.60380664,156879474.97870016,Yahoo Finance – GC=F × USDVND (VNĐ/lượng)
2026-02-17,2026,153356040.27210814,151830109.52313194,152593074.89762005,Yahoo Finance – GC=F × USDVND (VNĐ/lượng)
2026-02-18,2026,156609783.14337614,155051476.84344208,155830629.99340913,Yahoo Finance – GC=F × USDVND (VNĐ/lượng)
2026-02-19,2026,156276868.474722,154721874.75855562,155499371.6166388,Yahoo Finance – GC=F × USDVND (VNĐ/lượng)
2026-02-20,2026,158896188.76354852,157315132.1589361,158105660.46124232,Yahoo Finance – GC=F × USDVND (VNĐ/lượng)
2026-02-23,2026,163462743.18944713,161836248.23233822,162649495.71089268,Yahoo Finance – GC=F × USDVND (VNĐ/lượng)
2026-02-24,2026,162926489.6242962,161305330.52355695,162115910.07392657,Yahoo Finance – GC=F × USDVND (VNĐ/lượng)
2026-02-25,2026,165156333.52023426,163512986.9180429,164334660.2191386,Yahoo Finance – GC=F × USDVND (VNĐ/lượng)
2026-02-26,2026,163699801.71142313,162070947.96305078,162885374.83723697,Yahoo Finance – GC=F × USDVND (VNĐ/lượng)
2026-02-27,2026,164970177.6829778,163328683.37767455,164149430.5303262,Yahoo Finance – GC=F × USDVND (VNĐ/lượng)
2026-03-02,2026,167049734.34378332,165387547.9324024,166218641.13809288,Yahoo Finance – GC=F × USDVND (VNĐ/lượng)
2026-03-03,2026,161892105.41322404,160281238.69269446,161086672.05295926,Yahoo Finance – GC=F × USDVND (VNĐ/lượng)
2026-03-04,2026,162235802.9839395,160621516.3870844,161428659.68551195,Yahoo Finance – GC=F × USDVND (VNĐ/lượng)
2026-03-05,2026,160588322.7409255,158990428.98230934,159789375.86161742,Yahoo Finance – GC=F × USDVND (VNĐ/lượng)
2026-03-06,2026,163430578.52496684,161804403.61427066,162617491.06961876,Yahoo Finance – GC=F × USDVND (VNĐ/lượng)
2026-03-09,2026,161511502.74486795,159904423.1155658,160707962.93021688,Yahoo Finance – GC=F × USDVND (VNĐ/lượng)
2026-03-10,2026,166307347.68688384,164652548.20741236,165479947.9471481,Yahoo Finance – GC=F × USDVND (VNĐ/lượng)
2026-03-11,2026,163887877.45679772,162257152.3079739,163072514.88238582,Yahoo Finance – GC=F × USDVND (VNĐ/lượng)
2026-03-12,2026,162344323.23033112,160728956.83002934,161536640.03018025,Yahoo Finance – GC=F × USDVND (VNĐ/lượng)
2026-03-13,2026,160641673.76661792,159043249.15202472,159842461.45932132,Yahoo Finance – GC=F × USDVND (VNĐ/lượng)
2026-03-16,2026,158969281.03348497,157387497.14260453,158178389.08804476,Yahoo Finance – GC=F × USDVND (VNĐ/lượng)
2026-03-17,2026,159125449.6680438,157542111.86040157,158333780.76422268,Yahoo Finance – GC=F × USDVND (VNĐ/lượng)
2026-03-18,2026,155708885.99445608,154159543.84525752,154934214.91985682,Yahoo Finance – GC=F × USDVND (VNĐ/lượng)
2026-03-19,2026,146611402.911733,145152582.98226303,145881992.94699803,Yahoo Finance – GC=F × USDVND (VNĐ/lượng)
2026-03-20,2026,145396613.7450954,143949881.27001983,144673247.50755763,Yahoo Finance – GC=F × USDVND (VNĐ/lượng)
2026-03-23,2026,140266264.15302417,138870579.9325961,139568422.04281014,Yahoo Finance – GC=F × USDVND (VNĐ/lượng)
2026-03-24,2026,140401228.97355887,139004201.81959313,139702715.39657602,Yahoo Finance – GC=F × USDVND (VNĐ/lượng)
2026-03-25,2026,145264995.4721131,143819572.63159457,144542284.05185384,Yahoo Finance – GC=F × USDVND (VNĐ/lượng)
2026-03-26,2026,139652274.73696688,138262699.86396223,138957487.30046457,Yahoo Finance – GC=F × USDVND (VNĐ/lượng)
2026-03-27,2026,143408690.43676758,141981738.29311815,142695214.36494288,Yahoo Finance – GC=F × USDVND (VNĐ/lượng)
2026-03-30,2026,144422859.62592635,142985816.2465639,143704337.93624514,Yahoo Finance – GC=F × USDVND (VNĐ/lượng)
2026-03-31,2026,148235493.50248984,146760513.4676392,147498003.48506454,Yahoo Finance – GC=F × USDVND (VNĐ/lượng)
2026-04-01,2026,152485122.80494785,150967857.90141603,151726490.35318196,Yahoo Finance – GC=F × USDVND (VNĐ/lượng)
2026-04-02,2026,148286611.42435735,146811122.75346825,147548867.0889128,Yahoo Finance – GC=F × USDVND (VNĐ/lượng)
2026-04-06,2026,148466850.64772716,146989568.5517299,147728209.59972852,Yahoo Finance – GC=F × USDVND (VNĐ/lượng)
2026-04-07,2026,148436924.09116966,146959939.77185455,147698431.93151212,Yahoo Finance – GC=F × USDVND (VNĐ/lượng)
2026-04-08,2026,151376254.56942144,149870023.180671,150623138.87504622,Yahoo Finance – GC=F × USDVND (VNĐ/lượng)
2026-04-09,2026,152830102.74526355,151309405.2055097,152069753.97538662,Yahoo Finance – GC=F × USDVND (VNĐ/lượng)
2026-04-13,2026,151270631.70102867,149765451.2860931,150518041.49356088,Yahoo Finance – GC=F × USDVND (VNĐ/lượng)
2026-04-14,2026,153993062.47689164,152460793.1985146,153226927.83770314,Yahoo Finance – GC=F × USDVND (VNĐ/lượng)
2026-04-15,2026,152974160.4642564,151452029.51436332,152213094.98930988,Yahoo Finance – GC=F × USDVND (VNĐ/lượng)
2026-04-16,2026,152497264.19711465,150979878.48371053,151738571.3404126,Yahoo Finance – GC=F × USDVND (VNĐ/lượng)
2026-04-20,2026,153219447.42471063,151694875.80854437,152457161.6166275,Yahoo Finance – GC=F × USDVND (VNĐ/lượng)
2026-04-21,2026,149867142.34291786,148375926.99622217,149121534.66957003,Yahoo Finance – GC=F × USDVND (VNĐ/lượng)
2026-04-22,2026,150926178.32398283,149424425.30583376,150175301.8149083,Yahoo Finance – GC=F × USDVND (VNĐ/lượng)
2026-04-23,2026,149904128.3267305,148412544.96029538,149158336.64351293,Yahoo Finance – GC=F × USDVND (VNĐ/lượng)
2026-04-27,2026,149275127.4340809,147789802.78299552,148532465.1085382,Yahoo Finance – GC=F × USDVND (VNĐ/lượng)
2026-04-28,2026,146485121.41921327,145027558.02200717,145756339.72061023,Yahoo Finance – GC=F × USDVND (VNĐ/lượng)
2026-04-29,2026,145145676.81675485,143701441.2265384,144423559.02164662,Yahoo Finance – GC=F × USDVND (VNĐ/lượng)
2026-04-30,2026,147365078.40640712,145898759.21828368,146631918.81234542,Yahoo Finance – GC=F × USDVND (VNĐ/lượng)
2026-05-04,2026,144089494.85588437,142655768.53891042,143372631.6973974,Yahoo Finance – GC=F × USDVND (VNĐ/lượng)
2026-05-05,2026,145070150.01710832,143626665.93733612,144348407.97722223,Yahoo Finance – GC=F × USDVND (VNĐ/lượng)
2026-05-06,2026,149312469.00288865,147826772.7939047,148569620.89839667,Yahoo Finance – GC=F × USDVND (VNĐ/lượng)
2026-05-07,2026,149541643.12551144,148053666.5769989,148797654.85125518,Yahoo Finance – GC=F × USDVND (VNĐ/lượng)
2026-05-11,2026,150486082.8600416,148988708.90123522,149737395.88063842,Yahoo Finance – GC=F × USDVND (VNĐ/lượng)
2026-05-12,2026,149056319.21620923,147573171.7613216,148314745.48876542,Yahoo Finance – GC=F × USDVND (VNĐ/lượng)
2026-05-13,2026,149799286.55967885,148308746.39490595,149054016.47729242,Yahoo Finance – GC=F × USDVND (VNĐ/lượng)
2026-05-14,2026,149304655.04902214,147819036.59082294,148561845.81992254,Yahoo Finance – GC=F × USDVND (VNĐ/lượng)
